0,206,1.0
0,206,1.0
0,185,1.0
0,185,1.0
0,227,1.0
0,227,1.0
0,217,1.0
0,217,1.0
0,217,1.0
0,217,1.0
0,226,1.0
0,226,1.0
0,229,1.0
0,229,1.0
0,228,1.0
0,228,1.0
1,2,1.0
1,185,1.0
1,407,1.0
2,185,1.0
2,407,1.0
2,6,1.0
2,6,1.0
2,242,1.0
2,242,1.0
2,237,1.0
2,237,1.0
3,146,1.0
3,146,1.0
3,403,1.0
3,403,1.0
3,144,1.0
3,144,1.0
3,242,1.0
3,242,1.0
3,5,1.0
3,5,1.0
3,240,1.0
3,240,1.0
4,147,1.0
4,147,1.0
4,185,1.0
4,185,1.0
5,60,1.0
5,219,1.0
5,221,1.0
5,168,1.0
5,168,1.0
5,168,1.0
5,168,1.0
5,166,1.0
5,166,1.0
5,169,1.0
5,169,1.0
5,169,1.0
5,169,1.0
5,156,1.0
5,156,1.0
5,156,1.0
5,156,1.0
5,158,1.0
5,158,1.0
5,158,1.0
5,158,1.0
5,6,1.0
5,6,1.0
5,244,1.0
5,244,1.0
5,242,1.0
5,242,1.0
5,242,1.0
5,242,1.0
5,425,1.0
5,425,1.0
5,240,1.0
5,240,1.0
5,157,1.0
5,157,1.0
5,157,1.0
5,157,1.0
5,373,1.0
5,373,1.0
5,373,1.0
5,373,1.0
5,226,1.0
5,226,1.0
5,407,1.0
5,407,1.0
5,407,1.0
5,407,1.0
5,107,1.0
5,107,1.0
5,107,1.0
5,107,1.0
5,227,1.0
5,227,1.0
5,349,1.0
5,349,1.0
5,349,1.0
5,349,1.0
5,359,1.0
5,359,1.0
5,427,1.0
5,427,1.0
6,242,1.0
6,242,1.0
6,237,1.0
6,237,1.0
6,226,1.0
6,226,1.0
6,98,1.0
6,98,1.0
6,227,1.0
6,227,1.0
6,146,1.0
6,146,1.0
6,67,1.0
6,67,1.0
6,144,1.0
6,144,1.0
7,22,1.0
7,352,1.0
7,352,1.0
7,351,1.0
7,351,1.0
7,14,1.0
8,11,1.0
8,181,1.0
8,181,1.0
8,175,1.0
8,175,1.0
8,15,1.0
9,386,1.0
9,386,1.0
9,407,1.0
9,407,1.0
9,407,1.0
9,407,1.0
9,407,1.0
9,385,1.0
9,385,1.0
9,298,1.0
9,298,1.0
9,299,1.0
9,299,1.0
9,450,1.0
9,448,1.0
10,299,1.0
10,299,1.0
10,407,1.0
10,407,1.0
10,407,1.0
10,407,1.0
10,298,1.0
10,298,1.0
10,383,1.0
10,383,1.0
10,382,1.0
10,382,1.0
11,181,1.0
11,181,1.0
11,248,1.0
11,175,1.0
11,175,1.0
12,88,1.0
12,88,1.0
12,192,1.0
12,192,1.0
12,204,1.0
12,204,1.0
12,111,1.0
12,185,1.0
12,152,1.0
12,230,1.0
13,146,1.0
13,146,1.0
13,201,1.0
13,204,1.0
13,144,1.0
13,144,1.0
13,407,1.0
13,407,1.0
13,375,1.0
13,370,1.0
14,352,1.0
14,352,1.0
14,351,1.0
14,351,1.0
14,355,1.0
15,181,1.0
15,181,1.0
15,175,1.0
15,175,1.0
15,16,1.0
16,181,1.0
16,181,1.0
16,175,1.0
16,175,1.0
16,17,1.0
17,353,1.0
17,18,1.0
17,351,1.0
17,181,1.0
17,181,1.0
17,181,1.0
17,175,1.0
17,175,1.0
17,175,1.0
17,17,1.0
18,353,1.0
18,353,1.0
18,351,1.0
18,351,1.0
18,19,1.0
19,353,1.0
19,353,1.0
19,351,1.0
19,351,1.0
19,20,1.0
20,353,1.0
20,353,1.0
20,351,1.0
20,351,1.0
20,21,1.0
21,353,1.0
21,353,1.0
21,351,1.0
21,351,1.0
21,22,1.0
22,353,1.0
22,351,1.0
22,351,1.0
22,352,1.0
23,185,1.0
23,185,1.0
23,286,1.0
23,286,1.0
23,226,1.0
23,226,1.0
23,101,1.0
23,101,1.0
23,227,1.0
23,227,1.0
24,185,1.0
24,185,1.0
24,288,1.0
24,288,1.0
24,226,1.0
24,226,1.0
24,102,1.0
24,102,1.0
24,227,1.0
24,227,1.0
25,185,1.0
25,185,1.0
25,291,1.0
25,291,1.0
25,226,1.0
25,226,1.0
25,104,1.0
25,104,1.0
25,227,1.0
25,227,1.0
26,38,1.0
26,38,1.0
26,38,1.0
26,38,1.0
26,229,1.0
26,229,1.0
26,228,1.0
26,228,1.0
26,185,1.0
26,185,1.0
26,391,1.0
26,391,1.0
26,227,1.0
26,227,1.0
26,226,1.0
26,226,1.0
27,43,1.0
27,43,1.0
27,43,1.0
27,43,1.0
27,229,1.0
27,229,1.0
27,228,1.0
27,228,1.0
27,227,1.0
27,227,1.0
27,226,1.0
27,226,1.0
27,30,1.0
27,30,1.0
27,185,1.0
27,185,1.0
28,226,1.0
28,226,1.0
28,29,1.0
28,29,1.0
28,227,1.0
28,227,1.0
28,75,1.0
28,75,1.0
28,185,1.0
28,185,1.0
29,89,1.0
29,89,1.0
29,152,1.0
29,152,1.0
29,226,1.0
29,226,1.0
29,227,1.0
29,227,1.0
30,204,1.0
30,204,1.0
30,88,1.0
30,88,1.0
30,211,1.0
30,211,1.0
30,185,1.0
30,185,1.0
31,185,1.0
31,185,1.0
31,185,1.0
31,185,1.0
31,297,1.0
31,297,1.0
31,391,1.0
31,391,1.0
31,154,1.0
31,154,1.0
31,75,1.0
31,75,1.0
32,36,1.0
32,36,1.0
32,146,1.0
32,146,1.0
32,146,1.0
32,146,1.0
32,144,1.0
32,144,1.0
32,144,1.0
32,144,1.0
32,152,1.0
32,152,1.0
32,389,1.0
32,389,1.0
32,407,1.0
32,407,1.0
33,371,1.0
33,371,1.0
33,185,1.0
33,185,1.0
33,165,1.0
33,165,1.0
33,370,1.0
33,370,1.0
34,398,1.0
34,398,1.0
34,436,1.0
34,436,1.0
35,44,1.0
35,44,1.0
35,229,1.0
35,229,1.0
35,228,1.0
35,228,1.0
35,146,1.0
35,146,1.0
35,36,1.0
35,36,1.0
35,144,1.0
35,144,1.0
36,146,1.0
36,146,1.0
36,146,1.0
36,146,1.0
36,144,1.0
36,144,1.0
36,144,1.0
36,144,1.0
37,43,1.0
37,43,1.0
37,87,1.0
37,87,1.0
37,426,1.0
37,426,1.0
37,152,1.0
37,152,1.0
38,426,1.0
38,426,1.0
38,152,1.0
38,152,1.0
38,38,1.0
38,229,1.0
38,229,1.0
38,228,1.0
38,228,1.0
38,227,1.0
38,227,1.0
38,226,1.0
38,226,1.0
39,117,1.0
39,117,1.0
39,172,1.0
39,172,1.0
39,185,1.0
39,185,1.0
39,185,1.0
39,185,1.0
39,173,1.0
39,173,1.0
39,116,1.0
39,116,1.0
40,78,1.0
40,78,1.0
40,185,1.0
40,185,1.0
40,226,1.0
40,226,1.0
40,76,1.0
40,76,1.0
40,227,1.0
40,227,1.0
41,42,1.0
41,42,1.0
41,185,1.0
41,185,1.0
41,154,1.0
41,154,1.0
41,226,1.0
41,226,1.0
41,48,1.0
41,48,1.0
41,227,1.0
41,227,1.0
42,185,1.0
42,185,1.0
42,185,1.0
42,154,1.0
42,154,1.0
42,395,1.0
43,229,1.0
43,229,1.0
43,228,1.0
43,228,1.0
43,227,1.0
43,227,1.0
43,226,1.0
43,226,1.0
44,229,1.0
44,229,1.0
44,228,1.0
44,228,1.0
44,185,1.0
44,185,1.0
44,296,1.0
44,296,1.0
44,297,1.0
44,297,1.0
44,154,1.0
44,154,1.0
45,185,1.0
45,185,1.0
45,287,1.0
45,287,1.0
45,226,1.0
45,226,1.0
45,103,1.0
45,103,1.0
45,227,1.0
45,227,1.0
46,226,1.0
46,226,1.0
46,106,1.0
46,106,1.0
46,227,1.0
46,227,1.0
46,185,1.0
46,185,1.0
46,290,1.0
46,290,1.0
47,185,1.0
47,185,1.0
47,289,1.0
47,289,1.0
47,226,1.0
47,226,1.0
47,105,1.0
47,105,1.0
47,227,1.0
47,227,1.0
48,226,1.0
48,226,1.0
48,226,1.0
48,226,1.0
48,227,1.0
48,227,1.0
48,227,1.0
48,227,1.0
48,154,1.0
48,154,1.0
48,152,1.0
48,152,1.0
48,421,1.0
48,421,1.0
49,260,1.0
49,260,1.0
49,185,1.0
49,185,1.0
49,226,1.0
49,226,1.0
49,227,1.0
49,227,1.0
49,405,1.0
49,405,1.0
50,185,1.0
50,185,1.0
50,446,1.0
50,358,1.0
50,358,1.0
50,71,1.0
51,185,1.0
51,185,1.0
51,445,1.0
51,68,1.0
51,311,1.0
51,311,1.0
51,70,1.0
52,53,1.0
52,146,1.0
52,144,1.0
52,153,1.0
52,153,1.0
52,149,1.0
52,149,1.0
52,425,1.0
52,425,1.0
53,146,1.0
53,144,1.0
54,153,1.0
54,149,1.0
54,425,1.0
55,216,1.0
55,152,1.0
55,273,1.0
55,122,1.0
55,432,1.0
56,60,1.0
56,152,1.0
56,185,1.0
56,249,1.0
56,249,1.0
57,58,1.0
57,58,1.0
57,152,1.0
57,152,1.0
57,146,1.0
57,146,1.0
57,197,1.0
57,197,1.0
57,59,1.0
57,59,1.0
57,144,1.0
57,144,1.0
57,407,1.0
57,407,1.0
58,152,1.0
58,152,1.0
58,69,1.0
58,146,1.0
58,144,1.0
58,407,1.0
59,146,1.0
59,146,1.0
59,197,1.0
59,197,1.0
59,144,1.0
59,144,1.0
59,407,1.0
59,407,1.0
59,123,1.0
59,123,1.0
59,364,1.0
59,364,1.0
60,152,1.0
60,185,1.0
60,219,1.0
60,221,1.0
61,146,1.0
61,146,1.0
61,204,1.0
61,204,1.0
61,62,1.0
61,62,1.0
61,144,1.0
61,144,1.0
61,407,1.0
61,407,1.0
61,123,1.0
61,123,1.0
61,127,1.0
61,127,1.0
61,127,1.0
61,131,1.0
61,131,1.0
61,247,1.0
61,124,1.0
62,146,1.0
62,146,1.0
62,146,1.0
62,146,1.0
62,204,1.0
62,204,1.0
62,204,1.0
62,204,1.0
62,144,1.0
62,144,1.0
62,144,1.0
62,144,1.0
62,407,1.0
62,407,1.0
62,407,1.0
62,407,1.0
62,363,1.0
62,363,1.0
63,64,1.0
63,64,1.0
63,226,1.0
63,226,1.0
63,226,1.0
63,226,1.0
63,227,1.0
63,227,1.0
63,227,1.0
63,227,1.0
63,185,1.0
63,185,1.0
63,412,1.0
63,412,1.0
64,226,1.0
64,226,1.0
64,227,1.0
64,227,1.0
65,185,1.0
65,66,1.0
65,407,1.0
65,163,1.0
65,163,1.0
66,185,1.0
66,407,1.0
67,226,1.0
67,226,1.0
67,108,1.0
67,108,1.0
67,108,1.0
67,108,1.0
67,227,1.0
67,227,1.0
67,228,1.0
67,228,1.0
67,229,1.0
67,229,1.0
67,107,1.0
67,107,1.0
67,144,1.0
67,144,1.0
67,144,1.0
67,144,1.0
67,146,1.0
67,146,1.0
67,146,1.0
67,146,1.0
67,90,1.0
67,90,1.0
68,185,1.0
68,185,1.0
68,445,1.0
68,311,1.0
68,311,1.0
68,70,1.0
69,146,1.0
69,146,1.0
69,144,1.0
69,144,1.0
69,407,1.0
69,407,1.0
69,124,1.0
69,185,1.0
69,207,1.0
69,204,1.0
70,185,1.0
70,185,1.0
70,185,1.0
70,311,1.0
70,311,1.0
70,311,1.0
70,372,1.0
71,185,1.0
71,358,1.0
72,280,1.0
72,348,1.0
72,425,1.0
72,146,1.0
72,146,1.0
72,347,1.0
72,347,1.0
72,145,1.0
72,145,1.0
73,339,1.0
73,339,1.0
73,407,1.0
73,407,1.0
73,407,1.0
73,407,1.0
73,407,1.0
73,407,1.0
73,382,1.0
73,382,1.0
73,443,1.0
73,443,1.0
73,444,1.0
73,444,1.0
73,448,1.0
73,448,1.0
73,341,1.0
73,341,1.0
74,185,1.0
74,185,1.0
74,185,1.0
74,297,1.0
74,391,1.0
74,154,1.0
74,99,1.0
74,99,1.0
75,185,1.0
75,185,1.0
75,185,1.0
75,185,1.0
76,226,1.0
76,226,1.0
76,227,1.0
76,227,1.0
76,154,1.0
76,154,1.0
76,297,1.0
76,297,1.0
76,421,1.0
76,421,1.0
77,172,1.0
77,78,1.0
77,173,1.0
77,154,1.0
77,269,1.0
77,342,1.0
78,172,1.0
78,173,1.0
78,185,1.0
78,185,1.0
79,80,1.0
79,229,1.0
79,232,1.0
79,185,1.0
79,228,1.0
79,272,1.0
79,155,1.0
79,271,1.0
80,229,1.0
80,232,1.0
80,185,1.0
80,228,1.0
80,82,1.0
80,272,1.0
80,271,1.0
81,84,1.0
81,229,1.0
81,232,1.0
81,185,1.0
81,228,1.0
81,272,1.0
81,83,1.0
81,271,1.0
82,83,1.0
82,229,1.0
82,232,1.0
82,185,1.0
82,228,1.0
82,272,1.0
82,271,1.0
83,229,1.0
83,232,1.0
83,185,1.0
83,228,1.0
83,272,1.0
83,271,1.0
84,229,1.0
84,232,1.0
84,185,1.0
84,228,1.0
84,100,1.0
84,152,1.0
85,164,1.0
85,164,1.0
85,88,1.0
85,88,1.0
85,267,1.0
85,267,1.0
85,120,1.0
85,120,1.0
85,226,1.0
85,226,1.0
85,227,1.0
85,227,1.0
86,89,1.0
86,152,1.0
86,99,1.0
86,226,1.0
86,227,1.0
87,426,1.0
87,426,1.0
87,152,1.0
87,152,1.0
87,185,1.0
87,185,1.0
87,185,1.0
87,185,1.0
87,185,1.0
87,185,1.0
87,185,1.0
87,210,1.0
87,230,1.0
87,230,1.0
87,230,1.0
87,230,1.0
87,200,1.0
87,201,1.0
87,220,1.0
87,220,1.0
88,204,1.0
88,204,1.0
88,204,1.0
88,204,1.0
88,204,1.0
88,204,1.0
88,204,1.0
88,204,1.0
88,204,1.0
88,204,1.0
88,204,1.0
88,204,1.0
88,204,1.0
88,204,1.0
88,204,1.0
88,204,1.0
88,204,1.0
88,204,1.0
88,204,1.0
88,204,1.0
88,204,1.0
88,204,1.0
88,204,1.0
88,204,1.0
88,204,1.0
88,211,1.0
88,211,1.0
88,207,1.0
88,227,1.0
88,227,1.0
88,227,1.0
88,227,1.0
88,226,1.0
88,226,1.0
88,226,1.0
88,226,1.0
88,230,1.0
88,230,1.0
88,230,1.0
88,230,1.0
88,185,1.0
88,185,1.0
88,185,1.0
88,185,1.0
88,229,1.0
88,229,1.0
88,229,1.0
88,228,1.0
88,228,1.0
88,228,1.0
88,108,1.0
88,108,1.0
88,268,1.0
88,268,1.0
88,113,1.0
88,113,1.0
88,435,1.0
88,435,1.0
88,115,1.0
88,115,1.0
88,170,1.0
88,170,1.0
88,394,1.0
88,152,1.0
88,152,1.0
88,152,1.0
88,276,1.0
88,388,1.0
88,388,1.0
88,216,1.0
88,216,1.0
88,206,1.0
88,206,1.0
88,197,1.0
88,197,1.0
88,408,1.0
88,408,1.0
88,192,1.0
88,192,1.0
88,281,1.0
88,281,1.0
88,222,1.0
88,222,1.0
88,164,1.0
88,164,1.0
88,267,1.0
88,267,1.0
88,89,1.0
88,89,1.0
88,213,1.0
88,213,1.0
88,391,1.0
88,391,1.0
88,223,1.0
88,223,1.0
89,152,1.0
89,152,1.0
89,152,1.0
89,204,1.0
89,204,1.0
89,213,1.0
89,213,1.0
90,185,1.0
90,185,1.0
90,416,1.0
90,416,1.0
91,146,1.0
91,407,1.0
91,185,1.0
91,145,1.0
92,442,1.0
92,442,1.0
92,300,1.0
92,300,1.0
92,411,1.0
92,411,1.0
92,439,1.0
92,439,1.0
92,146,1.0
92,146,1.0
92,302,1.0
92,302,1.0
92,144,1.0
92,144,1.0
93,185,1.0
93,94,1.0
93,407,1.0
93,149,1.0
93,149,1.0
93,284,1.0
93,284,1.0
93,151,1.0
93,151,1.0
94,185,1.0
94,407,1.0
95,219,1.0
95,413,1.0
95,152,1.0
95,154,1.0
95,229,1.0
95,171,1.0
95,228,1.0
96,97,1.0
96,97,1.0
96,185,1.0
96,185,1.0
96,143,1.0
96,143,1.0
96,407,1.0
96,407,1.0
97,185,1.0
97,185,1.0
97,229,1.0
97,229,1.0
97,228,1.0
97,228,1.0
97,431,1.0
97,431,1.0
98,226,1.0
98,226,1.0
98,227,1.0
98,227,1.0
98,219,1.0
98,219,1.0
98,426,1.0
98,426,1.0
98,192,1.0
98,192,1.0
99,185,1.0
99,185,1.0
99,226,1.0
99,227,1.0
100,118,1.0
100,277,1.0
100,425,1.0
100,152,1.0
101,226,1.0
101,226,1.0
101,227,1.0
101,227,1.0
101,154,1.0
101,154,1.0
101,297,1.0
101,297,1.0
101,401,1.0
101,401,1.0
102,226,1.0
102,226,1.0
102,227,1.0
102,227,1.0
102,154,1.0
102,154,1.0
102,297,1.0
102,297,1.0
102,308,1.0
102,308,1.0
103,226,1.0
103,226,1.0
103,227,1.0
103,227,1.0
103,154,1.0
103,154,1.0
103,297,1.0
103,297,1.0
103,336,1.0
103,336,1.0
104,226,1.0
104,226,1.0
104,227,1.0
104,227,1.0
104,154,1.0
104,154,1.0
104,279,1.0
104,279,1.0
104,297,1.0
104,297,1.0
105,226,1.0
105,226,1.0
105,227,1.0
105,227,1.0
105,154,1.0
105,154,1.0
105,297,1.0
105,297,1.0
105,400,1.0
105,400,1.0
106,226,1.0
106,226,1.0
106,227,1.0
106,227,1.0
106,154,1.0
106,154,1.0
106,297,1.0
106,297,1.0
106,393,1.0
106,393,1.0
107,226,1.0
107,226,1.0
107,407,1.0
107,407,1.0
107,407,1.0
107,407,1.0
107,227,1.0
107,227,1.0
107,144,1.0
107,144,1.0
107,146,1.0
107,146,1.0
107,359,1.0
107,359,1.0
107,427,1.0
107,427,1.0
108,204,1.0
108,204,1.0
108,268,1.0
108,268,1.0
108,226,1.0
108,226,1.0
108,227,1.0
108,227,1.0
108,228,1.0
108,228,1.0
108,229,1.0
108,229,1.0
109,146,1.0
109,146,1.0
109,431,1.0
109,431,1.0
109,144,1.0
109,144,1.0
109,416,1.0
109,265,1.0
109,407,1.0
110,185,1.0
110,185,1.0
110,185,1.0
110,152,1.0
110,189,1.0
110,230,1.0
110,128,1.0
110,128,1.0
111,129,1.0
111,129,1.0
111,185,1.0
111,185,1.0
111,185,1.0
111,152,1.0
111,230,1.0
112,185,1.0
112,185,1.0
112,185,1.0
112,185,1.0
112,451,1.0
112,451,1.0
112,261,1.0
112,261,1.0
113,204,1.0
113,204,1.0
113,204,1.0
113,435,1.0
113,435,1.0
113,152,1.0
114,119,1.0
114,119,1.0
114,185,1.0
114,185,1.0
114,295,1.0
114,295,1.0
114,364,1.0
114,364,1.0
115,116,1.0
115,116,1.0
115,185,1.0
115,185,1.0
115,227,1.0
115,227,1.0
115,226,1.0
115,226,1.0
115,170,1.0
115,170,1.0
115,204,1.0
115,204,1.0
116,185,1.0
116,185,1.0
116,185,1.0
116,185,1.0
116,227,1.0
116,227,1.0
116,226,1.0
116,226,1.0
117,172,1.0
117,172,1.0
117,185,1.0
117,185,1.0
117,173,1.0
117,173,1.0
118,277,1.0
118,425,1.0
118,315,1.0
118,315,1.0
118,426,1.0
118,426,1.0
119,232,1.0
119,232,1.0
119,384,1.0
119,384,1.0
120,156,1.0
120,156,1.0
120,226,1.0
120,226,1.0
120,226,1.0
120,226,1.0
120,227,1.0
120,227,1.0
120,227,1.0
120,227,1.0
121,229,1.0
121,229,1.0
121,198,1.0
121,198,1.0
121,228,1.0
121,228,1.0
121,407,1.0
121,407,1.0
121,146,1.0
121,146,1.0
121,197,1.0
121,197,1.0
121,144,1.0
121,144,1.0
122,273,1.0
122,273,1.0
122,432,1.0
122,432,1.0
122,224,1.0
123,130,1.0
123,130,1.0
123,134,1.0
123,134,1.0
123,425,1.0
123,425,1.0
123,364,1.0
123,364,1.0
123,127,1.0
123,127,1.0
123,131,1.0
123,131,1.0
124,146,1.0
124,185,1.0
124,207,1.0
124,144,1.0
124,204,1.0
124,407,1.0
124,247,1.0
124,127,1.0
125,132,1.0
125,132,1.0
125,146,1.0
125,146,1.0
125,145,1.0
125,145,1.0
125,407,1.0
125,407,1.0
126,185,1.0
126,185,1.0
126,375,1.0
126,375,1.0
126,127,1.0
126,127,1.0
126,127,1.0
126,127,1.0
126,219,1.0
126,219,1.0
126,334,1.0
126,334,1.0
126,142,1.0
126,142,1.0
126,331,1.0
126,331,1.0
126,274,1.0
126,274,1.0
126,230,1.0
126,230,1.0
126,343,1.0
126,343,1.0
127,142,1.0
127,142,1.0
127,229,1.0
127,229,1.0
127,228,1.0
127,228,1.0
127,146,1.0
127,146,1.0
127,204,1.0
127,204,1.0
127,144,1.0
127,144,1.0
127,407,1.0
127,407,1.0
127,440,1.0
127,440,1.0
127,185,1.0
127,185,1.0
127,375,1.0
127,375,1.0
127,219,1.0
127,219,1.0
127,219,1.0
127,274,1.0
127,274,1.0
127,230,1.0
127,230,1.0
127,343,1.0
127,343,1.0
127,131,1.0
127,131,1.0
127,247,1.0
127,133,1.0
127,133,1.0
127,209,1.0
127,209,1.0
127,215,1.0
127,215,1.0
128,229,1.0
128,229,1.0
128,444,1.0
128,444,1.0
128,228,1.0
128,228,1.0
128,185,1.0
128,185,1.0
129,229,1.0
129,229,1.0
129,448,1.0
129,448,1.0
129,228,1.0
129,228,1.0
129,185,1.0
129,185,1.0
130,134,1.0
130,134,1.0
130,425,1.0
130,425,1.0
131,185,1.0
131,185,1.0
131,187,1.0
131,187,1.0
132,146,1.0
132,146,1.0
132,145,1.0
132,145,1.0
132,407,1.0
132,407,1.0
133,209,1.0
133,209,1.0
133,215,1.0
133,215,1.0
134,303,1.0
134,249,1.0
134,425,1.0
134,425,1.0
134,425,1.0
134,425,1.0
134,425,1.0
134,425,1.0
134,425,1.0
134,425,1.0
134,425,1.0
134,425,1.0
134,146,1.0
134,166,1.0
134,145,1.0
134,145,1.0
134,145,1.0
134,405,1.0
134,405,1.0
134,406,1.0
134,406,1.0
134,298,1.0
134,298,1.0
134,185,1.0
134,207,1.0
134,135,1.0
134,204,1.0
134,382,1.0
134,382,1.0
134,182,1.0
134,182,1.0
135,185,1.0
135,207,1.0
135,204,1.0
135,425,1.0
135,146,1.0
135,146,1.0
135,375,1.0
135,375,1.0
135,144,1.0
135,144,1.0
135,247,1.0
135,247,1.0
135,407,1.0
135,407,1.0
136,183,1.0
136,185,1.0
136,185,1.0
136,204,1.0
136,140,1.0
136,447,1.0
137,231,1.0
137,231,1.0
137,231,1.0
137,231,1.0
137,137,1.0
138,140,1.0
138,140,1.0
138,229,1.0
138,229,1.0
138,229,1.0
138,229,1.0
138,228,1.0
138,228,1.0
138,228,1.0
138,228,1.0
138,141,1.0
138,141,1.0
139,159,1.0
139,159,1.0
139,185,1.0
139,185,1.0
139,228,1.0
139,228,1.0
139,152,1.0
139,152,1.0
139,167,1.0
139,167,1.0
139,229,1.0
139,229,1.0
140,185,1.0
140,447,1.0
140,229,1.0
140,229,1.0
140,228,1.0
140,228,1.0
141,229,1.0
141,229,1.0
141,228,1.0
141,228,1.0
142,146,1.0
142,146,1.0
142,204,1.0
142,204,1.0
142,348,1.0
142,348,1.0
142,144,1.0
142,144,1.0
142,407,1.0
142,407,1.0
142,229,1.0
142,229,1.0
142,228,1.0
142,228,1.0
142,334,1.0
142,334,1.0
142,331,1.0
142,331,1.0
143,156,1.0
143,156,1.0
143,185,1.0
143,185,1.0
143,416,1.0
143,416,1.0
143,407,1.0
143,407,1.0
143,407,1.0
143,407,1.0
144,146,1.0
144,146,1.0
144,146,1.0
144,146,1.0
144,146,1.0
144,146,1.0
144,146,1.0
144,146,1.0
144,146,1.0
144,146,1.0
144,146,1.0
144,146,1.0
144,146,1.0
144,146,1.0
144,146,1.0
144,146,1.0
144,146,1.0
144,146,1.0
144,146,1.0
144,146,1.0
144,146,1.0
144,146,1.0
144,146,1.0
144,146,1.0
144,146,1.0
144,146,1.0
144,146,1.0
144,146,1.0
144,146,1.0
144,146,1.0
144,146,1.0
144,146,1.0
144,146,1.0
144,146,1.0
144,146,1.0
144,146,1.0
144,146,1.0
144,146,1.0
144,146,1.0
144,146,1.0
144,146,1.0
144,146,1.0
144,146,1.0
144,146,1.0
144,146,1.0
144,146,1.0
144,146,1.0
144,146,1.0
144,146,1.0
144,146,1.0
144,146,1.0
144,146,1.0
144,146,1.0
144,146,1.0
144,146,1.0
144,146,1.0
144,146,1.0
144,146,1.0
144,146,1.0
144,146,1.0
144,146,1.0
144,146,1.0
144,146,1.0
144,146,1.0
144,146,1.0
144,146,1.0
144,146,1.0
144,146,1.0
144,146,1.0
144,146,1.0
144,146,1.0
144,146,1.0
144,146,1.0
144,146,1.0
144,146,1.0
144,146,1.0
144,146,1.0
144,146,1.0
144,146,1.0
144,146,1.0
144,146,1.0
144,146,1.0
144,146,1.0
144,146,1.0
144,146,1.0
144,146,1.0
144,146,1.0
144,146,1.0
144,146,1.0
144,146,1.0
144,146,1.0
144,146,1.0
144,146,1.0
144,146,1.0
144,146,1.0
144,146,1.0
144,146,1.0
144,146,1.0
144,146,1.0
144,146,1.0
144,146,1.0
144,146,1.0
144,146,1.0
144,146,1.0
144,146,1.0
144,146,1.0
144,146,1.0
144,146,1.0
144,146,1.0
144,146,1.0
144,146,1.0
144,146,1.0
144,146,1.0
144,146,1.0
144,152,1.0
144,152,1.0
144,152,1.0
144,152,1.0
144,389,1.0
144,389,1.0
144,407,1.0
144,407,1.0
144,407,1.0
144,407,1.0
144,407,1.0
144,407,1.0
144,407,1.0
144,407,1.0
144,407,1.0
144,407,1.0
144,407,1.0
144,407,1.0
144,407,1.0
144,407,1.0
144,407,1.0
144,407,1.0
144,407,1.0
144,407,1.0
144,407,1.0
144,407,1.0
144,407,1.0
144,407,1.0
144,407,1.0
144,407,1.0
144,407,1.0
144,407,1.0
144,407,1.0
144,407,1.0
144,407,1.0
144,407,1.0
144,407,1.0
144,407,1.0
144,299,1.0
144,299,1.0
144,145,1.0
144,145,1.0
144,145,1.0
144,145,1.0
144,145,1.0
144,145,1.0
144,145,1.0
144,145,1.0
144,145,1.0
144,144,1.0
144,204,1.0
144,204,1.0
144,204,1.0
144,204,1.0
144,204,1.0
144,204,1.0
144,204,1.0
144,204,1.0
144,204,1.0
144,204,1.0
144,204,1.0
144,204,1.0
144,204,1.0
144,204,1.0
144,204,1.0
144,204,1.0
144,348,1.0
144,348,1.0
144,440,1.0
144,440,1.0
144,183,1.0
144,183,1.0
144,183,1.0
144,183,1.0
144,175,1.0
144,175,1.0
144,175,1.0
144,175,1.0
144,175,1.0
144,175,1.0
144,197,1.0
144,197,1.0
144,197,1.0
144,197,1.0
144,210,1.0
144,210,1.0
144,415,1.0
144,415,1.0
144,148,1.0
144,148,1.0
144,148,1.0
144,148,1.0
144,153,1.0
144,153,1.0
144,153,1.0
144,153,1.0
144,153,1.0
144,322,1.0
144,322,1.0
144,322,1.0
144,322,1.0
144,322,1.0
144,324,1.0
144,324,1.0
144,151,1.0
144,151,1.0
144,151,1.0
144,185,1.0
144,185,1.0
144,185,1.0
144,185,1.0
144,185,1.0
144,230,1.0
144,230,1.0
144,230,1.0
144,230,1.0
144,230,1.0
144,310,1.0
144,310,1.0
144,317,1.0
144,319,1.0
144,319,1.0
144,319,1.0
144,319,1.0
144,321,1.0
144,321,1.0
144,320,1.0
144,320,1.0
144,323,1.0
144,341,1.0
144,334,1.0
144,334,1.0
144,325,1.0
144,325,1.0
144,325,1.0
144,325,1.0
144,327,1.0
144,327,1.0
144,326,1.0
144,326,1.0
144,328,1.0
144,328,1.0
144,328,1.0
144,328,1.0
144,332,1.0
144,332,1.0
144,443,1.0
144,443,1.0
144,331,1.0
144,331,1.0
144,331,1.0
144,333,1.0
144,333,1.0
144,333,1.0
144,335,1.0
144,335,1.0
144,431,1.0
144,431,1.0
144,363,1.0
144,363,1.0
144,403,1.0
144,403,1.0
144,158,1.0
144,158,1.0
144,158,1.0
144,158,1.0
144,157,1.0
144,157,1.0
144,157,1.0
144,157,1.0
144,416,1.0
144,416,1.0
144,426,1.0
144,426,1.0
144,426,1.0
144,426,1.0
144,161,1.0
144,163,1.0
144,163,1.0
144,404,1.0
144,372,1.0
144,372,1.0
144,284,1.0
144,284,1.0
144,207,1.0
144,207,1.0
144,207,1.0
144,207,1.0
144,207,1.0
144,201,1.0
144,375,1.0
144,375,1.0
144,375,1.0
144,370,1.0
144,205,1.0
144,205,1.0
144,182,1.0
144,182,1.0
144,154,1.0
144,367,1.0
144,369,1.0
144,184,1.0
144,184,1.0
144,305,1.0
144,305,1.0
144,305,1.0
144,305,1.0
144,421,1.0
144,421,1.0
144,398,1.0
144,398,1.0
144,257,1.0
144,258,1.0
144,423,1.0
144,423,1.0
144,424,1.0
144,424,1.0
144,247,1.0
144,247,1.0
144,408,1.0
144,408,1.0
144,429,1.0
144,429,1.0
144,174,1.0
144,174,1.0
144,430,1.0
144,430,1.0
144,166,1.0
144,166,1.0
144,302,1.0
144,302,1.0
144,234,1.0
144,234,1.0
144,234,1.0
144,236,1.0
144,236,1.0
144,235,1.0
144,235,1.0
144,237,1.0
144,237,1.0
144,237,1.0
144,237,1.0
144,244,1.0
144,244,1.0
144,244,1.0
144,244,1.0
144,244,1.0
144,243,1.0
144,243,1.0
144,243,1.0
144,450,1.0
145,146,1.0
145,146,1.0
145,146,1.0
145,146,1.0
145,146,1.0
145,146,1.0
145,146,1.0
145,146,1.0
145,146,1.0
145,146,1.0
145,146,1.0
145,146,1.0
145,146,1.0
145,146,1.0
145,146,1.0
145,146,1.0
145,146,1.0
145,146,1.0
145,146,1.0
145,407,1.0
145,407,1.0
145,154,1.0
145,154,1.0
145,154,1.0
145,154,1.0
145,412,1.0
145,412,1.0
145,413,1.0
145,413,1.0
145,425,1.0
145,425,1.0
145,425,1.0
145,425,1.0
145,425,1.0
145,425,1.0
145,425,1.0
145,425,1.0
145,425,1.0
145,425,1.0
145,425,1.0
145,294,1.0
145,294,1.0
145,297,1.0
145,297,1.0
145,299,1.0
145,299,1.0
145,347,1.0
145,347,1.0
145,183,1.0
145,183,1.0
145,175,1.0
145,175,1.0
145,185,1.0
145,185,1.0
145,185,1.0
145,185,1.0
145,185,1.0
145,185,1.0
145,187,1.0
145,230,1.0
145,418,1.0
145,197,1.0
145,197,1.0
145,197,1.0
145,197,1.0
145,207,1.0
145,207,1.0
145,207,1.0
145,196,1.0
145,196,1.0
145,204,1.0
145,204,1.0
145,204,1.0
145,199,1.0
145,199,1.0
145,195,1.0
145,195,1.0
145,166,1.0
145,158,1.0
145,158,1.0
145,157,1.0
145,157,1.0
145,404,1.0
145,163,1.0
145,301,1.0
145,301,1.0
145,364,1.0
145,364,1.0
145,245,1.0
145,182,1.0
145,298,1.0
145,298,1.0
146,407,1.0
146,407,1.0
146,407,1.0
146,407,1.0
146,407,1.0
146,407,1.0
146,407,1.0
146,407,1.0
146,407,1.0
146,407,1.0
146,407,1.0
146,407,1.0
146,407,1.0
146,407,1.0
146,407,1.0
146,407,1.0
146,407,1.0
146,407,1.0
146,407,1.0
146,407,1.0
146,407,1.0
146,407,1.0
146,407,1.0
146,407,1.0
146,407,1.0
146,407,1.0
146,407,1.0
146,407,1.0
146,407,1.0
146,407,1.0
146,407,1.0
146,407,1.0
146,407,1.0
146,407,1.0
146,407,1.0
146,407,1.0
146,154,1.0
146,154,1.0
146,154,1.0
146,154,1.0
146,154,1.0
146,412,1.0
146,412,1.0
146,413,1.0
146,413,1.0
146,425,1.0
146,425,1.0
146,425,1.0
146,425,1.0
146,425,1.0
146,425,1.0
146,425,1.0
146,425,1.0
146,425,1.0
146,425,1.0
146,425,1.0
146,425,1.0
146,425,1.0
146,425,1.0
146,294,1.0
146,294,1.0
146,297,1.0
146,297,1.0
146,152,1.0
146,152,1.0
146,152,1.0
146,152,1.0
146,389,1.0
146,389,1.0
146,299,1.0
146,299,1.0
146,146,1.0
146,204,1.0
146,204,1.0
146,204,1.0
146,204,1.0
146,204,1.0
146,204,1.0
146,204,1.0
146,204,1.0
146,204,1.0
146,204,1.0
146,204,1.0
146,204,1.0
146,204,1.0
146,204,1.0
146,204,1.0
146,204,1.0
146,204,1.0
146,204,1.0
146,204,1.0
146,348,1.0
146,348,1.0
146,440,1.0
146,440,1.0
146,347,1.0
146,347,1.0
146,183,1.0
146,183,1.0
146,175,1.0
146,175,1.0
146,175,1.0
146,175,1.0
146,185,1.0
146,185,1.0
146,185,1.0
146,185,1.0
146,185,1.0
146,185,1.0
146,185,1.0
146,185,1.0
146,418,1.0
146,197,1.0
146,197,1.0
146,197,1.0
146,197,1.0
146,197,1.0
146,197,1.0
146,197,1.0
146,197,1.0
146,207,1.0
146,207,1.0
146,207,1.0
146,207,1.0
146,207,1.0
146,207,1.0
146,207,1.0
146,207,1.0
146,196,1.0
146,196,1.0
146,210,1.0
146,210,1.0
146,415,1.0
146,415,1.0
146,148,1.0
146,148,1.0
146,148,1.0
146,148,1.0
146,153,1.0
146,153,1.0
146,153,1.0
146,153,1.0
146,153,1.0
146,322,1.0
146,322,1.0
146,322,1.0
146,322,1.0
146,322,1.0
146,324,1.0
146,324,1.0
146,151,1.0
146,151,1.0
146,151,1.0
146,230,1.0
146,230,1.0
146,230,1.0
146,230,1.0
146,230,1.0
146,310,1.0
146,310,1.0
146,199,1.0
146,199,1.0
146,195,1.0
146,195,1.0
146,317,1.0
146,319,1.0
146,319,1.0
146,319,1.0
146,319,1.0
146,321,1.0
146,321,1.0
146,320,1.0
146,320,1.0
146,323,1.0
146,341,1.0
146,334,1.0
146,334,1.0
146,325,1.0
146,325,1.0
146,325,1.0
146,325,1.0
146,327,1.0
146,327,1.0
146,326,1.0
146,326,1.0
146,328,1.0
146,328,1.0
146,328,1.0
146,328,1.0
146,332,1.0
146,332,1.0
146,443,1.0
146,443,1.0
146,331,1.0
146,331,1.0
146,331,1.0
146,333,1.0
146,333,1.0
146,333,1.0
146,335,1.0
146,335,1.0
146,431,1.0
146,431,1.0
146,166,1.0
146,166,1.0
146,166,1.0
146,363,1.0
146,363,1.0
146,403,1.0
146,403,1.0
146,158,1.0
146,158,1.0
146,157,1.0
146,157,1.0
146,416,1.0
146,416,1.0
146,426,1.0
146,426,1.0
146,426,1.0
146,426,1.0
146,161,1.0
146,163,1.0
146,372,1.0
146,372,1.0
146,284,1.0
146,284,1.0
146,201,1.0
146,375,1.0
146,375,1.0
146,375,1.0
146,370,1.0
146,205,1.0
146,205,1.0
146,182,1.0
146,182,1.0
146,182,1.0
146,367,1.0
146,369,1.0
146,184,1.0
146,184,1.0
146,305,1.0
146,305,1.0
146,305,1.0
146,305,1.0
146,421,1.0
146,421,1.0
146,398,1.0
146,398,1.0
146,245,1.0
146,215,1.0
146,272,1.0
146,257,1.0
146,258,1.0
146,423,1.0
146,423,1.0
146,424,1.0
146,424,1.0
146,247,1.0
146,247,1.0
146,408,1.0
146,408,1.0
146,429,1.0
146,429,1.0
146,174,1.0
146,174,1.0
146,174,1.0
146,174,1.0
146,172,1.0
146,172,1.0
146,430,1.0
146,430,1.0
146,437,1.0
146,437,1.0
146,302,1.0
146,302,1.0
146,302,1.0
146,302,1.0
146,234,1.0
146,234,1.0
146,234,1.0
146,236,1.0
146,236,1.0
146,235,1.0
146,235,1.0
146,237,1.0
146,237,1.0
146,237,1.0
146,237,1.0
146,244,1.0
146,244,1.0
146,244,1.0
146,244,1.0
146,244,1.0
146,243,1.0
146,243,1.0
146,243,1.0
146,450,1.0
147,185,1.0
147,185,1.0
147,147,1.0
148,153,1.0
148,153,1.0
148,153,1.0
148,428,1.0
148,185,1.0
148,322,1.0
148,411,1.0
148,151,1.0
148,151,1.0
148,351,1.0
148,354,1.0
149,153,1.0
149,153,1.0
149,153,1.0
149,425,1.0
149,425,1.0
149,425,1.0
149,284,1.0
149,284,1.0
149,151,1.0
149,151,1.0
150,153,1.0
150,284,1.0
150,425,1.0
151,317,1.0
151,284,1.0
151,284,1.0
152,426,1.0
152,426,1.0
152,426,1.0
152,426,1.0
152,426,1.0
152,426,1.0
152,232,1.0
152,232,1.0
152,281,1.0
152,281,1.0
152,281,1.0
152,281,1.0
152,384,1.0
152,384,1.0
152,394,1.0
152,394,1.0
152,394,1.0
152,394,1.0
152,394,1.0
152,394,1.0
152,394,1.0
152,276,1.0
152,226,1.0
152,226,1.0
152,226,1.0
152,226,1.0
152,226,1.0
152,388,1.0
152,388,1.0
152,227,1.0
152,227,1.0
152,227,1.0
152,227,1.0
152,227,1.0
152,389,1.0
152,389,1.0
152,407,1.0
152,407,1.0
152,407,1.0
152,407,1.0
152,185,1.0
152,185,1.0
152,185,1.0
152,185,1.0
152,185,1.0
152,185,1.0
152,185,1.0
152,420,1.0
152,420,1.0
152,305,1.0
152,305,1.0
152,230,1.0
152,230,1.0
152,230,1.0
152,310,1.0
152,310,1.0
152,228,1.0
152,228,1.0
152,228,1.0
152,167,1.0
152,167,1.0
152,229,1.0
152,229,1.0
152,229,1.0
152,207,1.0
152,204,1.0
152,204,1.0
152,406,1.0
152,243,1.0
152,172,1.0
152,369,1.0
152,173,1.0
152,285,1.0
152,390,1.0
152,390,1.0
152,269,1.0
152,269,1.0
152,216,1.0
152,264,1.0
152,414,1.0
152,270,1.0
152,270,1.0
152,219,1.0
152,413,1.0
152,154,1.0
152,154,1.0
152,154,1.0
152,189,1.0
152,391,1.0
152,391,1.0
152,275,1.0
152,275,1.0
152,421,1.0
152,421,1.0
153,351,1.0
153,354,1.0
153,284,1.0
153,425,1.0
153,425,1.0
153,425,1.0
153,425,1.0
153,207,1.0
153,244,1.0
153,244,1.0
153,244,1.0
153,204,1.0
153,407,1.0
153,407,1.0
153,407,1.0
153,230,1.0
153,230,1.0
154,297,1.0
154,297,1.0
154,297,1.0
154,297,1.0
154,297,1.0
154,297,1.0
154,297,1.0
154,297,1.0
154,297,1.0
154,297,1.0
154,297,1.0
154,297,1.0
154,297,1.0
154,297,1.0
154,297,1.0
154,297,1.0
154,297,1.0
154,297,1.0
154,297,1.0
154,297,1.0
154,297,1.0
154,297,1.0
154,297,1.0
154,297,1.0
154,297,1.0
154,297,1.0
154,297,1.0
154,297,1.0
154,297,1.0
154,297,1.0
154,297,1.0
154,393,1.0
154,393,1.0
154,279,1.0
154,279,1.0
154,412,1.0
154,412,1.0
154,413,1.0
154,413,1.0
154,413,1.0
154,413,1.0
154,425,1.0
154,425,1.0
154,425,1.0
154,425,1.0
154,296,1.0
154,296,1.0
154,296,1.0
154,296,1.0
154,400,1.0
154,400,1.0
154,336,1.0
154,336,1.0
154,401,1.0
154,401,1.0
154,308,1.0
154,308,1.0
154,294,1.0
154,294,1.0
154,294,1.0
154,294,1.0
154,276,1.0
154,342,1.0
154,342,1.0
154,342,1.0
154,342,1.0
154,342,1.0
154,436,1.0
154,436,1.0
154,175,1.0
154,175,1.0
154,175,1.0
154,407,1.0
154,407,1.0
154,407,1.0
154,407,1.0
154,183,1.0
154,183,1.0
154,183,1.0
154,434,1.0
154,185,1.0
154,185,1.0
154,185,1.0
154,185,1.0
154,185,1.0
154,185,1.0
154,185,1.0
154,185,1.0
154,185,1.0
154,408,1.0
154,316,1.0
154,381,1.0
154,381,1.0
154,214,1.0
154,214,1.0
154,367,1.0
154,369,1.0
154,269,1.0
154,421,1.0
154,421,1.0
154,421,1.0
154,421,1.0
154,391,1.0
154,391,1.0
154,391,1.0
154,270,1.0
154,270,1.0
154,219,1.0
154,219,1.0
154,266,1.0
154,433,1.0
154,263,1.0
154,226,1.0
154,226,1.0
154,227,1.0
154,227,1.0
154,275,1.0
154,387,1.0
155,272,1.0
155,271,1.0
156,185,1.0
156,185,1.0
156,416,1.0
156,416,1.0
156,407,1.0
156,407,1.0
156,226,1.0
156,226,1.0
156,227,1.0
156,227,1.0
156,158,1.0
156,158,1.0
156,158,1.0
156,158,1.0
156,168,1.0
156,168,1.0
156,169,1.0
156,169,1.0
157,158,1.0
157,158,1.0
157,158,1.0
157,158,1.0
157,373,1.0
157,373,1.0
157,349,1.0
157,349,1.0
158,168,1.0
158,168,1.0
158,169,1.0
158,169,1.0
158,163,1.0
158,163,1.0
158,160,1.0
158,160,1.0
158,185,1.0
158,185,1.0
158,230,1.0
158,230,1.0
159,185,1.0
159,185,1.0
159,163,1.0
159,163,1.0
159,228,1.0
159,228,1.0
159,229,1.0
159,229,1.0
160,185,1.0
160,185,1.0
160,185,1.0
160,185,1.0
160,230,1.0
160,230,1.0
160,258,1.0
160,258,1.0
160,294,1.0
160,294,1.0
161,163,1.0
161,185,1.0
161,392,1.0
161,403,1.0
162,244,1.0
162,244,1.0
162,237,1.0
162,237,1.0
162,242,1.0
162,242,1.0
162,425,1.0
162,425,1.0
163,228,1.0
163,228,1.0
163,229,1.0
163,229,1.0
163,404,1.0
164,267,1.0
164,267,1.0
165,360,1.0
165,361,1.0
165,426,1.0
165,185,1.0
165,185,1.0
165,370,1.0
165,370,1.0
166,168,1.0
166,168,1.0
166,169,1.0
166,169,1.0
166,167,1.0
166,167,1.0
166,430,1.0
166,430,1.0
167,169,1.0
167,169,1.0
167,228,1.0
167,228,1.0
167,229,1.0
167,229,1.0
168,169,1.0
168,169,1.0
170,204,1.0
170,204,1.0
170,381,1.0
170,381,1.0
170,426,1.0
170,426,1.0
171,172,1.0
171,173,1.0
171,433,1.0
171,229,1.0
171,228,1.0
172,413,1.0
172,413,1.0
172,173,1.0
172,173,1.0
172,173,1.0
172,173,1.0
172,173,1.0
172,173,1.0
172,173,1.0
172,173,1.0
172,173,1.0
172,173,1.0
172,173,1.0
172,173,1.0
172,173,1.0
172,173,1.0
172,173,1.0
172,173,1.0
172,173,1.0
172,173,1.0
172,173,1.0
172,173,1.0
172,173,1.0
172,173,1.0
172,173,1.0
172,289,1.0
172,289,1.0
172,400,1.0
172,400,1.0
172,290,1.0
172,290,1.0
172,393,1.0
172,393,1.0
172,287,1.0
172,287,1.0
172,336,1.0
172,336,1.0
172,286,1.0
172,286,1.0
172,401,1.0
172,401,1.0
172,291,1.0
172,291,1.0
172,279,1.0
172,279,1.0
172,288,1.0
172,288,1.0
172,308,1.0
172,308,1.0
172,285,1.0
172,285,1.0
172,285,1.0
172,185,1.0
172,185,1.0
172,434,1.0
172,364,1.0
172,284,1.0
172,284,1.0
172,373,1.0
172,373,1.0
172,369,1.0
172,174,1.0
172,174,1.0
172,425,1.0
172,425,1.0
172,433,1.0
172,387,1.0
172,395,1.0
173,413,1.0
173,413,1.0
173,289,1.0
173,289,1.0
173,400,1.0
173,400,1.0
173,290,1.0
173,290,1.0
173,393,1.0
173,393,1.0
173,287,1.0
173,287,1.0
173,336,1.0
173,336,1.0
173,286,1.0
173,286,1.0
173,401,1.0
173,401,1.0
173,291,1.0
173,291,1.0
173,279,1.0
173,279,1.0
173,288,1.0
173,288,1.0
173,308,1.0
173,308,1.0
173,285,1.0
173,285,1.0
173,285,1.0
173,185,1.0
173,185,1.0
173,434,1.0
173,364,1.0
173,284,1.0
173,284,1.0
173,373,1.0
173,373,1.0
173,369,1.0
173,433,1.0
173,387,1.0
173,395,1.0
174,429,1.0
174,429,1.0
174,425,1.0
174,425,1.0
175,407,1.0
175,407,1.0
175,407,1.0
175,407,1.0
175,407,1.0
175,436,1.0
175,183,1.0
175,183,1.0
175,183,1.0
175,183,1.0
175,183,1.0
175,183,1.0
175,183,1.0
175,183,1.0
175,183,1.0
175,434,1.0
175,181,1.0
175,181,1.0
175,181,1.0
175,181,1.0
175,181,1.0
175,181,1.0
175,248,1.0
175,294,1.0
175,294,1.0
175,297,1.0
175,297,1.0
175,182,1.0
175,182,1.0
175,187,1.0
175,187,1.0
175,197,1.0
175,197,1.0
175,301,1.0
175,301,1.0
175,185,1.0
175,185,1.0
175,419,1.0
175,419,1.0
175,425,1.0
175,425,1.0
176,329,1.0
176,329,1.0
176,229,1.0
176,179,1.0
176,228,1.0
177,229,1.0
177,180,1.0
177,228,1.0
177,178,1.0
177,178,1.0
178,181,1.0
178,181,1.0
178,185,1.0
178,185,1.0
179,229,1.0
179,228,1.0
180,229,1.0
180,228,1.0
181,248,1.0
181,185,1.0
181,185,1.0
182,185,1.0
182,185,1.0
182,309,1.0
182,229,1.0
182,229,1.0
182,187,1.0
182,187,1.0
182,228,1.0
182,228,1.0
182,230,1.0
182,230,1.0
182,207,1.0
182,245,1.0
182,204,1.0
182,425,1.0
182,425,1.0
182,425,1.0
182,382,1.0
182,382,1.0
183,407,1.0
183,407,1.0
183,407,1.0
183,407,1.0
183,407,1.0
183,407,1.0
183,436,1.0
183,434,1.0
183,294,1.0
183,294,1.0
183,297,1.0
183,297,1.0
183,309,1.0
183,185,1.0
183,185,1.0
183,204,1.0
183,204,1.0
183,346,1.0
183,187,1.0
183,187,1.0
183,197,1.0
183,197,1.0
183,301,1.0
183,301,1.0
184,305,1.0
184,305,1.0
184,305,1.0
184,305,1.0
184,305,1.0
184,305,1.0
184,185,1.0
184,185,1.0
184,185,1.0
184,185,1.0
184,407,1.0
184,407,1.0
184,184,1.0
184,184,1.0
184,233,1.0
184,186,1.0
184,232,1.0
184,452,1.0
184,452,1.0
184,452,1.0
184,452,1.0
185,288,1.0
185,288,1.0
185,286,1.0
185,286,1.0
185,291,1.0
185,291,1.0
185,226,1.0
185,226,1.0
185,226,1.0
185,226,1.0
185,226,1.0
185,226,1.0
185,226,1.0
185,226,1.0
185,226,1.0
185,226,1.0
185,226,1.0
185,226,1.0
185,226,1.0
185,226,1.0
185,226,1.0
185,227,1.0
185,227,1.0
185,227,1.0
185,227,1.0
185,227,1.0
185,227,1.0
185,227,1.0
185,227,1.0
185,227,1.0
185,227,1.0
185,227,1.0
185,227,1.0
185,227,1.0
185,227,1.0
185,227,1.0
185,412,1.0
185,412,1.0
185,287,1.0
185,287,1.0
185,289,1.0
185,289,1.0
185,290,1.0
185,290,1.0
185,285,1.0
185,285,1.0
185,190,1.0
185,190,1.0
185,230,1.0
185,230,1.0
185,230,1.0
185,230,1.0
185,230,1.0
185,230,1.0
185,230,1.0
185,230,1.0
185,230,1.0
185,230,1.0
185,230,1.0
185,230,1.0
185,230,1.0
185,230,1.0
185,230,1.0
185,230,1.0
185,230,1.0
185,230,1.0
185,230,1.0
185,230,1.0
185,230,1.0
185,230,1.0
185,230,1.0
185,230,1.0
185,230,1.0
185,230,1.0
185,230,1.0
185,230,1.0
185,230,1.0
185,230,1.0
185,230,1.0
185,230,1.0
185,230,1.0
185,230,1.0
185,230,1.0
185,204,1.0
185,204,1.0
185,204,1.0
185,204,1.0
185,204,1.0
185,204,1.0
185,204,1.0
185,204,1.0
185,204,1.0
185,204,1.0
185,204,1.0
185,204,1.0
185,204,1.0
185,204,1.0
185,204,1.0
185,229,1.0
185,229,1.0
185,229,1.0
185,229,1.0
185,229,1.0
185,229,1.0
185,229,1.0
185,229,1.0
185,228,1.0
185,228,1.0
185,228,1.0
185,228,1.0
185,228,1.0
185,228,1.0
185,228,1.0
185,228,1.0
185,268,1.0
185,268,1.0
185,219,1.0
185,219,1.0
185,219,1.0
185,219,1.0
185,219,1.0
185,219,1.0
185,219,1.0
185,219,1.0
185,219,1.0
185,219,1.0
185,407,1.0
185,407,1.0
185,407,1.0
185,407,1.0
185,407,1.0
185,407,1.0
185,407,1.0
185,407,1.0
185,407,1.0
185,407,1.0
185,407,1.0
185,407,1.0
185,407,1.0
185,407,1.0
185,407,1.0
185,407,1.0
185,407,1.0
185,407,1.0
185,407,1.0
185,407,1.0
185,435,1.0
185,435,1.0
185,435,1.0
185,435,1.0
185,434,1.0
185,434,1.0
185,434,1.0
185,434,1.0
185,295,1.0
185,295,1.0
185,364,1.0
185,364,1.0
185,364,1.0
185,364,1.0
185,364,1.0
185,364,1.0
185,364,1.0
185,283,1.0
185,282,1.0
185,292,1.0
185,292,1.0
185,292,1.0
185,294,1.0
185,294,1.0
185,294,1.0
185,294,1.0
185,294,1.0
185,294,1.0
185,214,1.0
185,214,1.0
185,214,1.0
185,297,1.0
185,297,1.0
185,297,1.0
185,297,1.0
185,297,1.0
185,297,1.0
185,297,1.0
185,408,1.0
185,316,1.0
185,316,1.0
185,316,1.0
185,278,1.0
185,278,1.0
185,278,1.0
185,278,1.0
185,388,1.0
185,388,1.0
185,296,1.0
185,296,1.0
185,305,1.0
185,305,1.0
185,305,1.0
185,305,1.0
185,299,1.0
185,299,1.0
185,299,1.0
185,299,1.0
185,299,1.0
185,386,1.0
185,386,1.0
185,386,1.0
185,298,1.0
185,430,1.0
185,430,1.0
185,430,1.0
185,293,1.0
185,187,1.0
185,187,1.0
185,187,1.0
185,187,1.0
185,418,1.0
185,206,1.0
185,206,1.0
185,206,1.0
185,206,1.0
185,194,1.0
185,194,1.0
185,216,1.0
185,216,1.0
185,449,1.0
185,449,1.0
185,232,1.0
185,232,1.0
185,232,1.0
185,232,1.0
185,232,1.0
185,232,1.0
185,304,1.0
185,399,1.0
185,196,1.0
185,197,1.0
185,197,1.0
185,415,1.0
185,415,1.0
185,220,1.0
185,220,1.0
185,220,1.0
185,220,1.0
185,220,1.0
185,220,1.0
185,375,1.0
185,375,1.0
185,375,1.0
185,307,1.0
185,284,1.0
185,284,1.0
185,374,1.0
185,374,1.0
185,372,1.0
185,372,1.0
185,428,1.0
185,428,1.0
185,322,1.0
185,411,1.0
185,411,1.0
185,411,1.0
185,411,1.0
185,411,1.0
185,309,1.0
185,313,1.0
185,313,1.0
185,255,1.0
185,312,1.0
185,314,1.0
185,437,1.0
185,310,1.0
185,310,1.0
185,202,1.0
185,426,1.0
185,426,1.0
185,426,1.0
185,426,1.0
185,426,1.0
185,426,1.0
185,441,1.0
185,441,1.0
185,318,1.0
185,448,1.0
185,201,1.0
185,201,1.0
185,201,1.0
185,201,1.0
185,438,1.0
185,438,1.0
185,438,1.0
185,438,1.0
185,438,1.0
185,317,1.0
185,450,1.0
185,337,1.0
185,340,1.0
185,323,1.0
185,334,1.0
185,334,1.0
185,338,1.0
185,341,1.0
185,330,1.0
185,330,1.0
185,329,1.0
185,329,1.0
185,335,1.0
185,425,1.0
185,425,1.0
185,425,1.0
185,425,1.0
185,425,1.0
185,425,1.0
185,425,1.0
185,425,1.0
185,416,1.0
185,416,1.0
185,416,1.0
185,416,1.0
185,242,1.0
185,242,1.0
185,238,1.0
185,238,1.0
185,207,1.0
185,207,1.0
185,207,1.0
185,207,1.0
185,207,1.0
185,260,1.0
185,260,1.0
185,447,1.0
185,346,1.0
185,346,1.0
185,345,1.0
185,345,1.0
185,345,1.0
185,344,1.0
185,344,1.0
185,383,1.0
185,382,1.0
185,186,1.0
185,186,1.0
185,186,1.0
185,370,1.0
185,370,1.0
185,370,1.0
185,410,1.0
185,210,1.0
185,210,1.0
185,185,1.0
185,185,1.0
185,185,1.0
185,185,1.0
185,185,1.0
185,209,1.0
185,209,1.0
185,209,1.0
185,200,1.0
185,200,1.0
185,451,1.0
185,451,1.0
185,261,1.0
185,261,1.0
185,301,1.0
185,301,1.0
185,245,1.0
185,245,1.0
185,245,1.0
185,385,1.0
185,381,1.0
185,392,1.0
185,403,1.0
185,215,1.0
185,272,1.0
185,259,1.0
185,193,1.0
185,218,1.0
185,254,1.0
185,254,1.0
185,251,1.0
185,252,1.0
185,250,1.0
185,253,1.0
185,258,1.0
185,258,1.0
185,391,1.0
185,391,1.0
185,391,1.0
185,391,1.0
185,391,1.0
185,439,1.0
185,439,1.0
185,442,1.0
185,442,1.0
185,442,1.0
185,417,1.0
185,380,1.0
185,419,1.0
185,419,1.0
185,271,1.0
185,271,1.0
185,225,1.0
185,362,1.0
185,445,1.0
185,311,1.0
185,311,1.0
185,311,1.0
185,311,1.0
185,446,1.0
185,358,1.0
185,358,1.0
185,189,1.0
185,203,1.0
185,203,1.0
185,212,1.0
185,212,1.0
185,237,1.0
185,237,1.0
185,237,1.0
185,368,1.0
185,333,1.0
185,333,1.0
185,333,1.0
185,409,1.0
185,395,1.0
185,306,1.0
185,246,1.0
186,232,1.0
186,232,1.0
186,232,1.0
186,232,1.0
186,232,1.0
186,424,1.0
186,422,1.0
186,370,1.0
186,410,1.0
186,380,1.0
186,381,1.0
186,225,1.0
186,362,1.0
186,375,1.0
186,233,1.0
187,230,1.0
187,230,1.0
187,230,1.0
187,229,1.0
187,229,1.0
187,228,1.0
187,228,1.0
187,197,1.0
187,197,1.0
187,301,1.0
187,301,1.0
187,407,1.0
187,407,1.0
187,226,1.0
187,227,1.0
187,245,1.0
188,360,1.0
188,361,1.0
188,426,1.0
189,230,1.0
190,226,1.0
190,226,1.0
190,227,1.0
190,227,1.0
190,296,1.0
190,296,1.0
190,285,1.0
190,285,1.0
191,292,1.0
191,292,1.0
191,375,1.0
191,375,1.0
192,204,1.0
192,204,1.0
192,381,1.0
192,381,1.0
192,375,1.0
192,375,1.0
192,426,1.0
192,426,1.0
192,426,1.0
192,426,1.0
192,426,1.0
192,426,1.0
192,426,1.0
192,426,1.0
192,426,1.0
192,219,1.0
192,219,1.0
192,219,1.0
192,211,1.0
192,211,1.0
192,390,1.0
192,390,1.0
192,223,1.0
192,223,1.0
192,391,1.0
192,391,1.0
193,259,1.0
193,218,1.0
194,216,1.0
194,216,1.0
194,216,1.0
194,449,1.0
194,449,1.0
194,449,1.0
194,195,1.0
194,195,1.0
194,364,1.0
194,364,1.0
195,197,1.0
195,197,1.0
195,199,1.0
195,199,1.0
195,425,1.0
195,425,1.0
195,364,1.0
195,364,1.0
196,197,1.0
196,197,1.0
196,197,1.0
196,230,1.0
196,207,1.0
196,207,1.0
196,204,1.0
196,204,1.0
196,425,1.0
196,425,1.0
197,230,1.0
197,230,1.0
197,204,1.0
197,204,1.0
197,204,1.0
197,204,1.0
197,408,1.0
197,408,1.0
197,207,1.0
197,207,1.0
197,425,1.0
197,425,1.0
197,425,1.0
197,425,1.0
197,199,1.0
197,199,1.0
197,310,1.0
197,310,1.0
197,260,1.0
197,260,1.0
197,407,1.0
197,407,1.0
197,407,1.0
197,407,1.0
197,407,1.0
197,407,1.0
197,364,1.0
197,301,1.0
197,301,1.0
198,229,1.0
198,229,1.0
198,229,1.0
198,229,1.0
198,228,1.0
198,228,1.0
198,228,1.0
198,228,1.0
198,407,1.0
198,407,1.0
198,210,1.0
198,210,1.0
198,210,1.0
198,210,1.0
198,227,1.0
198,227,1.0
198,226,1.0
198,226,1.0
199,216,1.0
199,216,1.0
199,310,1.0
199,310,1.0
199,407,1.0
199,407,1.0
199,425,1.0
199,425,1.0
200,209,1.0
200,219,1.0
200,201,1.0
200,230,1.0
201,230,1.0
201,230,1.0
201,230,1.0
201,438,1.0
201,438,1.0
201,438,1.0
201,438,1.0
201,441,1.0
201,426,1.0
201,204,1.0
201,407,1.0
201,266,1.0
201,294,1.0
201,219,1.0
202,230,1.0
202,426,1.0
202,441,1.0
203,221,1.0
203,221,1.0
203,232,1.0
203,232,1.0
203,425,1.0
203,425,1.0
203,204,1.0
203,204,1.0
203,212,1.0
203,212,1.0
204,211,1.0
204,211,1.0
204,207,1.0
204,207,1.0
204,207,1.0
204,207,1.0
204,207,1.0
204,207,1.0
204,207,1.0
204,207,1.0
204,207,1.0
204,207,1.0
204,207,1.0
204,207,1.0
204,227,1.0
204,227,1.0
204,227,1.0
204,227,1.0
204,227,1.0
204,226,1.0
204,226,1.0
204,226,1.0
204,226,1.0
204,226,1.0
204,230,1.0
204,230,1.0
204,230,1.0
204,230,1.0
204,230,1.0
204,230,1.0
204,230,1.0
204,230,1.0
204,230,1.0
204,229,1.0
204,229,1.0
204,228,1.0
204,228,1.0
204,268,1.0
204,268,1.0
204,435,1.0
204,435,1.0
204,348,1.0
204,348,1.0
204,407,1.0
204,407,1.0
204,407,1.0
204,407,1.0
204,407,1.0
204,407,1.0
204,407,1.0
204,407,1.0
204,407,1.0
204,407,1.0
204,407,1.0
204,407,1.0
204,407,1.0
204,407,1.0
204,440,1.0
204,440,1.0
204,216,1.0
204,216,1.0
204,206,1.0
204,206,1.0
204,206,1.0
204,206,1.0
204,408,1.0
204,408,1.0
204,425,1.0
204,425,1.0
204,425,1.0
204,425,1.0
204,315,1.0
204,303,1.0
204,426,1.0
204,281,1.0
204,281,1.0
204,222,1.0
204,222,1.0
204,363,1.0
204,363,1.0
204,310,1.0
204,396,1.0
204,396,1.0
204,262,1.0
204,262,1.0
204,205,1.0
204,205,1.0
204,346,1.0
204,245,1.0
204,213,1.0
204,213,1.0
204,391,1.0
204,391,1.0
204,223,1.0
204,223,1.0
204,212,1.0
204,212,1.0
204,244,1.0
205,229,1.0
205,229,1.0
205,206,1.0
205,206,1.0
205,228,1.0
205,228,1.0
205,407,1.0
205,407,1.0
206,216,1.0
206,216,1.0
206,226,1.0
206,226,1.0
206,227,1.0
206,227,1.0
206,229,1.0
206,229,1.0
206,228,1.0
206,228,1.0
206,407,1.0
206,407,1.0
207,227,1.0
207,226,1.0
207,425,1.0
207,425,1.0
207,425,1.0
207,425,1.0
207,315,1.0
207,303,1.0
207,426,1.0
207,310,1.0
207,407,1.0
207,407,1.0
207,407,1.0
207,407,1.0
207,407,1.0
207,230,1.0
207,230,1.0
207,230,1.0
207,245,1.0
207,244,1.0
208,230,1.0
208,230,1.0
208,451,1.0
208,451,1.0
209,219,1.0
209,271,1.0
209,271,1.0
209,299,1.0
209,299,1.0
209,215,1.0
209,215,1.0
210,229,1.0
210,229,1.0
210,228,1.0
210,228,1.0
210,227,1.0
210,227,1.0
210,226,1.0
210,226,1.0
210,415,1.0
210,415,1.0
210,230,1.0
211,426,1.0
211,426,1.0
211,390,1.0
211,390,1.0
214,364,1.0
214,364,1.0
214,226,1.0
214,226,1.0
214,227,1.0
214,227,1.0
214,408,1.0
214,408,1.0
214,297,1.0
214,297,1.0
214,381,1.0
214,381,1.0
215,272,1.0
215,407,1.0
215,425,1.0
216,449,1.0
216,449,1.0
216,449,1.0
216,310,1.0
216,310,1.0
216,407,1.0
216,407,1.0
217,227,1.0
217,227,1.0
217,226,1.0
217,226,1.0
217,229,1.0
217,229,1.0
217,228,1.0
217,228,1.0
217,231,1.0
217,231,1.0
217,231,1.0
217,231,1.0
217,217,1.0
218,259,1.0
219,268,1.0
219,268,1.0
219,407,1.0
219,407,1.0
219,375,1.0
219,375,1.0
219,221,1.0
219,426,1.0
219,426,1.0
219,426,1.0
219,426,1.0
219,426,1.0
219,297,1.0
219,266,1.0
219,413,1.0
219,230,1.0
219,230,1.0
219,438,1.0
220,415,1.0
220,415,1.0
220,407,1.0
220,407,1.0
220,292,1.0
220,292,1.0
220,375,1.0
220,375,1.0
220,230,1.0
220,230,1.0
221,232,1.0
221,232,1.0
221,425,1.0
221,425,1.0
222,281,1.0
222,281,1.0
223,391,1.0
223,391,1.0
223,391,1.0
223,391,1.0
223,426,1.0
223,426,1.0
224,273,1.0
224,432,1.0
225,232,1.0
225,362,1.0
225,375,1.0
226,227,1.0
226,227,1.0
226,227,1.0
226,227,1.0
226,227,1.0
226,227,1.0
226,227,1.0
226,227,1.0
226,227,1.0
226,227,1.0
226,227,1.0
226,227,1.0
226,227,1.0
226,227,1.0
226,227,1.0
226,227,1.0
226,227,1.0
226,227,1.0
226,227,1.0
226,227,1.0
226,227,1.0
226,227,1.0
226,227,1.0
226,227,1.0
226,227,1.0
226,227,1.0
226,227,1.0
226,227,1.0
226,227,1.0
226,227,1.0
226,227,1.0
226,227,1.0
226,227,1.0
226,227,1.0
226,227,1.0
226,227,1.0
226,227,1.0
226,227,1.0
226,227,1.0
226,227,1.0
226,227,1.0
226,227,1.0
226,227,1.0
226,227,1.0
226,227,1.0
226,227,1.0
226,227,1.0
226,227,1.0
226,227,1.0
226,227,1.0
226,227,1.0
226,227,1.0
226,227,1.0
226,227,1.0
226,227,1.0
226,227,1.0
226,227,1.0
226,227,1.0
226,227,1.0
226,227,1.0
226,227,1.0
226,227,1.0
226,227,1.0
226,227,1.0
226,227,1.0
226,227,1.0
226,227,1.0
226,227,1.0
226,227,1.0
226,227,1.0
226,227,1.0
226,227,1.0
226,227,1.0
226,412,1.0
226,412,1.0
226,296,1.0
226,296,1.0
226,230,1.0
226,230,1.0
226,435,1.0
226,435,1.0
226,434,1.0
226,434,1.0
226,408,1.0
226,408,1.0
226,388,1.0
226,420,1.0
226,420,1.0
226,281,1.0
226,281,1.0
226,292,1.0
226,292,1.0
226,292,1.0
226,292,1.0
226,294,1.0
226,294,1.0
226,356,1.0
226,356,1.0
226,242,1.0
226,242,1.0
226,238,1.0
226,238,1.0
226,380,1.0
226,380,1.0
226,381,1.0
226,381,1.0
226,407,1.0
226,407,1.0
226,284,1.0
226,284,1.0
226,284,1.0
226,373,1.0
226,373,1.0
226,373,1.0
226,405,1.0
226,405,1.0
226,245,1.0
226,421,1.0
226,421,1.0
227,412,1.0
227,412,1.0
227,296,1.0
227,296,1.0
227,230,1.0
227,230,1.0
227,435,1.0
227,435,1.0
227,434,1.0
227,434,1.0
227,408,1.0
227,408,1.0
227,388,1.0
227,420,1.0
227,420,1.0
227,281,1.0
227,281,1.0
227,292,1.0
227,292,1.0
227,292,1.0
227,292,1.0
227,294,1.0
227,294,1.0
227,356,1.0
227,356,1.0
227,242,1.0
227,242,1.0
227,238,1.0
227,238,1.0
227,380,1.0
227,380,1.0
227,381,1.0
227,381,1.0
227,407,1.0
227,407,1.0
227,284,1.0
227,284,1.0
227,284,1.0
227,373,1.0
227,373,1.0
227,373,1.0
227,405,1.0
227,405,1.0
227,245,1.0
227,421,1.0
227,421,1.0
228,229,1.0
228,229,1.0
228,229,1.0
228,229,1.0
228,229,1.0
228,229,1.0
228,229,1.0
228,229,1.0
228,229,1.0
228,229,1.0
228,229,1.0
228,229,1.0
228,229,1.0
228,229,1.0
228,229,1.0
228,229,1.0
228,229,1.0
228,229,1.0
228,229,1.0
228,229,1.0
228,229,1.0
228,229,1.0
228,229,1.0
228,229,1.0
228,229,1.0
228,229,1.0
228,229,1.0
228,229,1.0
228,229,1.0
228,229,1.0
228,229,1.0
228,229,1.0
228,229,1.0
228,229,1.0
228,229,1.0
228,229,1.0
228,229,1.0
228,229,1.0
228,229,1.0
228,229,1.0
228,229,1.0
228,229,1.0
228,229,1.0
228,229,1.0
228,229,1.0
228,229,1.0
228,229,1.0
228,229,1.0
228,230,1.0
228,230,1.0
228,230,1.0
228,230,1.0
228,435,1.0
228,435,1.0
228,434,1.0
228,434,1.0
228,292,1.0
228,294,1.0
228,407,1.0
228,407,1.0
228,407,1.0
228,407,1.0
228,232,1.0
228,232,1.0
228,232,1.0
228,431,1.0
228,431,1.0
228,284,1.0
228,284,1.0
228,373,1.0
228,373,1.0
228,388,1.0
228,444,1.0
228,444,1.0
228,448,1.0
228,448,1.0
229,230,1.0
229,230,1.0
229,230,1.0
229,230,1.0
229,435,1.0
229,435,1.0
229,434,1.0
229,434,1.0
229,292,1.0
229,294,1.0
229,407,1.0
229,407,1.0
229,407,1.0
229,407,1.0
229,232,1.0
229,232,1.0
229,232,1.0
229,431,1.0
229,431,1.0
229,284,1.0
229,284,1.0
229,373,1.0
229,373,1.0
229,388,1.0
229,444,1.0
229,444,1.0
229,448,1.0
229,448,1.0
230,299,1.0
230,299,1.0
230,386,1.0
230,386,1.0
230,293,1.0
230,294,1.0
230,315,1.0
230,303,1.0
230,426,1.0
230,426,1.0
230,426,1.0
230,426,1.0
230,426,1.0
230,310,1.0
230,407,1.0
230,407,1.0
230,407,1.0
230,407,1.0
230,407,1.0
230,441,1.0
230,441,1.0
230,318,1.0
230,448,1.0
230,438,1.0
230,438,1.0
230,317,1.0
230,450,1.0
230,337,1.0
230,340,1.0
230,323,1.0
230,334,1.0
230,338,1.0
230,341,1.0
230,364,1.0
230,396,1.0
230,396,1.0
230,262,1.0
230,262,1.0
230,274,1.0
230,274,1.0
230,343,1.0
230,343,1.0
230,451,1.0
230,451,1.0
230,244,1.0
230,244,1.0
231,231,1.0
231,231,1.0
232,384,1.0
232,384,1.0
232,384,1.0
232,384,1.0
232,281,1.0
232,281,1.0
232,304,1.0
232,399,1.0
232,424,1.0
232,422,1.0
232,380,1.0
232,381,1.0
232,362,1.0
232,375,1.0
232,233,1.0
232,425,1.0
232,425,1.0
234,236,1.0
234,236,1.0
234,235,1.0
235,443,1.0
237,239,1.0
237,256,1.0
237,248,1.0
237,244,1.0
237,244,1.0
237,244,1.0
237,244,1.0
237,242,1.0
237,242,1.0
237,242,1.0
237,242,1.0
237,242,1.0
237,425,1.0
237,425,1.0
237,377,1.0
237,378,1.0
237,368,1.0
237,333,1.0
237,333,1.0
237,333,1.0
237,409,1.0
237,442,1.0
237,411,1.0
237,411,1.0
237,428,1.0
237,243,1.0
237,243,1.0
238,241,1.0
238,241,1.0
238,242,1.0
238,242,1.0
239,354,1.0
239,243,1.0
239,256,1.0
239,256,1.0
239,248,1.0
240,242,1.0
240,242,1.0
240,242,1.0
240,242,1.0
242,244,1.0
242,244,1.0
242,244,1.0
242,244,1.0
242,425,1.0
242,425,1.0
242,425,1.0
242,425,1.0
242,377,1.0
242,378,1.0
243,354,1.0
243,256,1.0
243,406,1.0
243,450,1.0
244,425,1.0
244,425,1.0
244,425,1.0
244,425,1.0
244,407,1.0
244,407,1.0
244,407,1.0
245,425,1.0
245,306,1.0
245,246,1.0
246,306,1.0
247,375,1.0
247,375,1.0
247,407,1.0
247,407,1.0
248,256,1.0
249,303,1.0
249,425,1.0
250,254,1.0
250,253,1.0
251,254,1.0
251,252,1.0
252,254,1.0
253,254,1.0
255,313,1.0
255,312,1.0
256,354,1.0
257,258,1.0
258,294,1.0
258,294,1.0
260,310,1.0
260,310,1.0
260,407,1.0
260,407,1.0
262,396,1.0
262,396,1.0
263,413,1.0
263,433,1.0
264,414,1.0
265,416,1.0
265,407,1.0
265,407,1.0
265,315,1.0
266,297,1.0
266,438,1.0
266,294,1.0
268,407,1.0
268,407,1.0
269,390,1.0
269,390,1.0
269,394,1.0
269,394,1.0
269,342,1.0
270,394,1.0
270,394,1.0
270,426,1.0
270,426,1.0
270,297,1.0
270,297,1.0
270,342,1.0
270,342,1.0
271,272,1.0
271,272,1.0
271,272,1.0
271,299,1.0
271,299,1.0
272,407,1.0
272,425,1.0
273,432,1.0
273,432,1.0
274,343,1.0
274,343,1.0
275,391,1.0
275,391,1.0
275,394,1.0
275,394,1.0
275,342,1.0
275,387,1.0
276,342,1.0
276,436,1.0
276,394,1.0
277,425,1.0
278,316,1.0
278,316,1.0
278,388,1.0
278,388,1.0
279,288,1.0
279,288,1.0
279,297,1.0
279,297,1.0
280,348,1.0
280,425,1.0
281,384,1.0
281,384,1.0
281,420,1.0
281,420,1.0
282,283,1.0
282,407,1.0
283,407,1.0
284,307,1.0
284,374,1.0
284,374,1.0
284,372,1.0
284,372,1.0
284,372,1.0
284,425,1.0
284,373,1.0
284,373,1.0
284,373,1.0
284,373,1.0
284,373,1.0
284,373,1.0
284,373,1.0
285,308,1.0
285,308,1.0
285,369,1.0
286,336,1.0
286,336,1.0
287,393,1.0
287,393,1.0
289,413,1.0
289,413,1.0
290,400,1.0
290,400,1.0
291,401,1.0
291,401,1.0
292,294,1.0
292,294,1.0
292,294,1.0
292,375,1.0
292,375,1.0
292,375,1.0
292,375,1.0
292,356,1.0
292,356,1.0
293,294,1.0
294,297,1.0
294,297,1.0
294,297,1.0
294,297,1.0
294,425,1.0
294,425,1.0
294,407,1.0
294,407,1.0
294,438,1.0
295,364,1.0
295,364,1.0
296,297,1.0
296,297,1.0
296,297,1.0
296,297,1.0
297,393,1.0
297,393,1.0
297,400,1.0
297,400,1.0
297,336,1.0
297,336,1.0
297,401,1.0
297,401,1.0
297,308,1.0
297,308,1.0
297,425,1.0
297,425,1.0
297,408,1.0
297,316,1.0
297,381,1.0
297,381,1.0
297,407,1.0
297,407,1.0
297,421,1.0
297,421,1.0
297,391,1.0
297,391,1.0
297,391,1.0
297,342,1.0
297,342,1.0
298,299,1.0
298,299,1.0
298,299,1.0
298,299,1.0
298,299,1.0
298,407,1.0
298,407,1.0
298,407,1.0
298,407,1.0
298,430,1.0
298,425,1.0
298,425,1.0
299,386,1.0
299,386,1.0
299,407,1.0
299,407,1.0
299,407,1.0
299,407,1.0
299,430,1.0
300,442,1.0
300,442,1.0
300,411,1.0
300,411,1.0
300,439,1.0
300,439,1.0
301,364,1.0
301,364,1.0
301,407,1.0
301,407,1.0
302,437,1.0
302,437,1.0
302,425,1.0
302,425,1.0
303,315,1.0
303,315,1.0
303,426,1.0
303,426,1.0
303,425,1.0
304,399,1.0
305,305,1.0
305,305,1.0
305,421,1.0
305,421,1.0
305,398,1.0
305,398,1.0
305,407,1.0
305,407,1.0
305,407,1.0
305,407,1.0
305,426,1.0
305,426,1.0
305,408,1.0
305,408,1.0
307,374,1.0
309,407,1.0
310,407,1.0
310,407,1.0
310,407,1.0
310,407,1.0
310,407,1.0
310,407,1.0
311,445,1.0
311,372,1.0
312,313,1.0
313,314,1.0
313,437,1.0
314,437,1.0
315,426,1.0
315,426,1.0
315,426,1.0
315,426,1.0
315,420,1.0
315,420,1.0
315,407,1.0
316,408,1.0
317,450,1.0
318,448,1.0
319,321,1.0
319,321,1.0
319,320,1.0
319,320,1.0
322,428,1.0
322,411,1.0
322,324,1.0
322,324,1.0
322,323,1.0
322,322,1.0
323,334,1.0
325,327,1.0
325,327,1.0
325,326,1.0
325,326,1.0
328,332,1.0
328,332,1.0
328,331,1.0
328,331,1.0
329,330,1.0
329,330,1.0
331,443,1.0
331,334,1.0
331,334,1.0
333,335,1.0
333,335,1.0
333,334,1.0
333,368,1.0
333,409,1.0
333,442,1.0
333,411,1.0
333,411,1.0
333,428,1.0
334,341,1.0
334,335,1.0
334,425,1.0
335,425,1.0
337,340,1.0
338,341,1.0
339,407,1.0
339,407,1.0
339,382,1.0
339,382,1.0
341,448,1.0
341,448,1.0
341,407,1.0
341,407,1.0
342,436,1.0
342,387,1.0
344,345,1.0
344,345,1.0
344,407,1.0
344,407,1.0
344,347,1.0
344,347,1.0
344,379,1.0
344,379,1.0
345,346,1.0
345,425,1.0
345,407,1.0
345,407,1.0
346,425,1.0
347,379,1.0
347,379,1.0
348,407,1.0
348,407,1.0
348,425,1.0
350,389,1.0
350,389,1.0
350,365,1.0
350,365,1.0
350,425,1.0
350,425,1.0
351,354,1.0
351,352,1.0
351,352,1.0
351,352,1.0
351,355,1.0
351,353,1.0
351,353,1.0
351,353,1.0
351,353,1.0
351,353,1.0
352,355,1.0
357,425,1.0
358,446,1.0
359,407,1.0
359,407,1.0
359,427,1.0
359,427,1.0
360,361,1.0
360,361,1.0
360,426,1.0
360,426,1.0
361,426,1.0
361,426,1.0
362,375,1.0
363,407,1.0
363,407,1.0
364,434,1.0
365,389,1.0
365,389,1.0
365,425,1.0
365,425,1.0
366,389,1.0
366,389,1.0
366,402,1.0
366,402,1.0
367,369,1.0
367,407,1.0
368,409,1.0
369,407,1.0
370,375,1.0
370,407,1.0
370,410,1.0
371,397,1.0
371,397,1.0
372,374,1.0
372,372,1.0
375,381,1.0
375,381,1.0
375,426,1.0
375,426,1.0
375,407,1.0
375,407,1.0
375,407,1.0
376,378,1.0
377,378,1.0
380,381,1.0
380,381,1.0
380,381,1.0
380,417,1.0
380,407,1.0
381,426,1.0
381,426,1.0
381,426,1.0
381,426,1.0
381,388,1.0
381,388,1.0
381,434,1.0
381,434,1.0
382,407,1.0
382,407,1.0
382,407,1.0
382,407,1.0
382,383,1.0
382,383,1.0
382,383,1.0
382,430,1.0
382,425,1.0
382,425,1.0
383,430,1.0
383,407,1.0
383,407,1.0
385,386,1.0
385,386,1.0
385,386,1.0
385,407,1.0
385,407,1.0
385,430,1.0
386,407,1.0
386,407,1.0
386,430,1.0
387,395,1.0
388,434,1.0
388,434,1.0
389,407,1.0
389,407,1.0
389,425,1.0
389,425,1.0
389,402,1.0
389,402,1.0
390,426,1.0
390,426,1.0
390,394,1.0
390,394,1.0
391,426,1.0
391,426,1.0
391,394,1.0
391,394,1.0
392,403,1.0
394,426,1.0
394,426,1.0
396,396,1.0
398,421,1.0
398,421,1.0
398,407,1.0
398,407,1.0
405,406,1.0
405,406,1.0
405,425,1.0
405,425,1.0
406,425,1.0
406,425,1.0
407,436,1.0
407,434,1.0
407,440,1.0
407,440,1.0
407,415,1.0
407,415,1.0
407,450,1.0
407,448,1.0
407,448,1.0
407,448,1.0
407,416,1.0
407,416,1.0
407,416,1.0
407,427,1.0
407,427,1.0
407,421,1.0
407,421,1.0
407,425,1.0
407,425,1.0
407,417,1.0
407,426,1.0
407,426,1.0
407,408,1.0
407,408,1.0
407,443,1.0
407,443,1.0
407,444,1.0
407,444,1.0
408,426,1.0
408,426,1.0
411,428,1.0
411,428,1.0
411,442,1.0
411,442,1.0
411,442,1.0
411,442,1.0
411,442,1.0
411,439,1.0
411,439,1.0
411,439,1.0
411,439,1.0
411,438,1.0
411,438,1.0
412,413,1.0
412,413,1.0
412,425,1.0
412,425,1.0
413,425,1.0
413,425,1.0
413,433,1.0
416,426,1.0
416,426,1.0
419,425,1.0
419,425,1.0
422,424,1.0
423,424,1.0
423,424,1.0
425,437,1.0
425,437,1.0
426,441,1.0
426,438,1.0
434,435,1.0
434,435,1.0
434,435,1.0
434,435,1.0
434,436,1.0
438,441,1.0
438,439,1.0
438,439,1.0
438,442,1.0
438,442,1.0
439,442,1.0
439,442,1.0
439,442,1.0
439,442,1.0
443,444,1.0
443,444,1.0
448,450,1.0
452,452,1.0
