0,2,2.0
0,2,4.0
0,3,1.0
0,3,5.0
0,6,2.0
0,6,5.0
0,10,1.0
0,10,5.0
0,11,1.0
0,11,4.0
0,12,2.0
0,12,4.0
0,16,1.0
0,16,4.0
0,18,1.0
0,18,5.0
0,21,1.0
0,21,4.0
0,28,2.0
0,28,4.0
0,29,1.0
0,29,5.0
0,30,1.0
0,30,5.0
0,31,1.0
0,31,5.0
0,33,2.0
0,33,4.0
0,34,1.0
0,34,4.0
0,35,2.0
0,35,5.0
0,40,1.0
0,40,5.0
0,48,1.0
0,48,4.0
0,53,1.0
0,53,4.0
0,54,1.0
0,54,5.0
0,55,4.0
0,55,5.0
0,56,1.0
0,56,5.0
0,57,1.0
0,57,5.0
0,0,0.5384
0,1,4.0
0,4,4.0
0,5,4.0
0,7,5.0
0,8,4.0
0,9,5.0
0,13,5.0
0,14,5.0
0,15,4.0
0,17,5.0
0,19,5.0
0,20,5.0
0,22,5.0
0,23,4.0
0,24,4.0
0,25,5.0
0,26,5.0
0,27,4.0
0,32,4.0
0,36,4.0
0,37,5.0
0,38,4.0
0,39,4.0
0,41,4.0
0,42,5.0
0,43,5.0
0,44,4.0
0,45,5.0
0,46,5.0
0,47,5.0
0,49,5.0
0,50,4.0
0,51,5.0
0,52,4.0
1,2,10.0
1,2,2.0
1,5,2.0
1,5,2.0
1,6,1.0
1,6,2.0
1,8,2.0
1,8,3.0
1,12,6.0
1,12,5.0
1,13,2.0
1,13,4.0
1,15,1.0
1,15,3.0
1,19,1.0
1,19,3.0
1,21,10.0
1,21,5.0
1,22,2.0
1,22,4.0
1,24,4.0
1,24,5.0
1,26,3.0
1,26,2.0
1,28,1.0
1,28,3.0
1,29,1.0
1,29,4.0
1,34,5.0
1,34,5.0
1,35,1.0
1,35,3.0
1,37,4.0
1,37,5.0
1,43,1.0
1,43,2.0
1,44,1.0
1,44,4.0
1,47,5.0
1,47,3.0
1,48,3.0
1,48,3.0
1,53,1.0
1,53,4.0
1,55,1.0
1,55,3.0
1,56,4.0
1,56,2.0
1,1,0.1272
1,0,3.0
1,3,3.0
1,4,4.0
1,7,2.0
1,9,2.0
1,10,3.0
1,11,3.0
1,14,3.0
1,16,3.0
1,17,2.0
1,18,3.0
1,20,2.0
1,23,2.0
1,25,3.0
1,27,2.0
1,30,4.0
1,31,2.0
1,32,4.0
1,33,2.0
1,36,3.0
1,38,3.0
1,39,2.0
1,40,3.0
1,41,3.0
1,42,3.0
1,45,2.0
1,46,4.0
1,49,3.0
1,50,2.0
1,51,3.0
1,52,4.0
1,54,2.0
1,57,2.0
2,0,2.0
2,0,2.0
2,1,10.0
2,1,2.0
2,3,6.0
2,3,4.0
2,4,11.0
2,4,5.0
2,5,14.0
2,5,4.0
2,6,15.0
2,6,4.0
2,7,4.0
2,7,1.0
2,8,12.0
2,8,4.0
2,10,5.0
2,10,3.0
2,11,4.0
2,11,3.0
2,12,3.0
2,12,3.0
2,13,8.0
2,13,3.0
2,14,10.0
2,14,4.0
2,15,8.0
2,15,4.0
2,16,11.0
2,16,4.0
2,18,2.0
2,18,2.0
2,19,19.0
2,19,5.0
2,20,2.0
2,20,2.0
2,21,15.0
2,21,5.0
2,22,1.0
2,22,3.0
2,23,2.0
2,23,1.0
2,24,6.0
2,24,4.0
2,25,1.0
2,25,3.0
2,26,5.0
2,26,3.0
2,28,12.0
2,28,4.0
2,29,5.0
2,29,5.0
2,30,4.0
2,30,4.0
2,32,1.0
2,32,3.0
2,33,4.0
2,33,3.0
2,34,15.0
2,34,5.0
2,35,3.0
2,35,1.0
2,36,1.0
2,36,2.0
2,37,3.0
2,37,3.0
2,38,6.0
2,38,3.0
2,40,2.0
2,40,2.0
2,41,3.0
2,41,4.0
2,43,9.0
2,43,3.0
2,44,8.0
2,44,4.0
2,45,2.0
2,45,2.0
2,46,1.0
2,46,2.0
2,47,3.0
2,47,2.0
2,48,6.0
2,48,2.0
2,49,2.0
2,49,2.0
2,51,2.0
2,51,3.0
2,52,2.0
2,52,2.0
2,53,16.0
2,53,5.0
2,54,4.0
2,54,3.0
2,55,5.0
2,55,2.0
2,56,19.0
2,56,5.0
2,57,1.0
2,57,2.0
2,2,0.842
2,9,3.0
2,17,2.0
2,27,2.0
2,31,2.0
2,39,1.0
2,42,4.0
2,50,1.0
3,0,1.0
3,0,4.0
3,2,6.0
3,2,5.0
3,4,2.0
3,4,5.0
3,5,3.0
3,5,5.0
3,6,9.0
3,6,4.0
3,7,1.0
3,7,3.0
3,8,8.0
3,8,5.0
3,11,5.0
3,11,5.0
3,14,2.0
3,14,4.0
3,15,4.0
3,15,4.0
3,16,3.0
3,16,4.0
3,17,2.0
3,17,3.0
3,18,2.0
3,18,5.0
3,19,6.0
3,19,5.0
3,21,1.0
3,21,4.0
3,22,1.0
3,22,5.0
3,23,3.0
3,23,5.0
3,24,1.0
3,24,4.0
3,26,5.0
3,26,5.0
3,27,1.0
3,27,4.0
3,28,1.0
3,28,4.0
3,29,3.0
3,29,4.0
3,31,1.0
3,31,4.0
3,32,1.0
3,32,5.0
3,33,4.0
3,33,5.0
3,34,1.0
3,34,4.0
3,36,1.0
3,36,3.0
3,37,3.0
3,37,4.0
3,38,2.0
3,38,4.0
3,40,1.0
3,40,5.0
3,43,1.0
3,43,4.0
3,44,1.0
3,44,4.0
3,45,1.0
3,45,3.0
3,46,1.0
3,46,4.0
3,47,2.0
3,47,4.0
3,48,1.0
3,48,5.0
3,49,3.0
3,49,4.0
3,52,2.0
3,52,5.0
3,53,1.0
3,53,5.0
3,54,2.0
3,54,4.0
3,55,2.0
3,55,4.0
3,56,3.0
3,56,5.0
3,57,5.0
3,57,5.0
3,3,0.5335
3,1,4.0
3,9,4.0
3,10,4.0
3,12,3.0
3,13,4.0
3,20,3.0
3,25,4.0
3,30,5.0
3,35,3.0
3,39,3.0
3,41,4.0
3,42,4.0
3,50,2.0
3,51,4.0
4,2,11.0
4,2,5.0
4,3,2.0
4,3,5.0
4,5,2.0
4,5,3.0
4,6,8.0
4,6,2.0
4,7,1.0
4,7,3.0
4,8,1.0
4,8,3.0
4,9,1.0
4,9,4.0
4,12,2.0
4,12,4.0
4,14,1.0
4,14,4.0
4,15,1.0
4,15,2.0
4,19,3.0
4,19,2.0
4,26,8.0
4,26,4.0
4,28,1.0
4,28,3.0
4,29,5.0
4,29,1.0
4,32,1.0
4,32,1.0
4,38,9.0
4,38,5.0
4,39,2.0
4,39,4.0
4,40,1.0
4,40,2.0
4,42,1.0
4,42,2.0
4,43,8.0
4,43,5.0
4,44,25.0
4,44,5.0
4,52,1.0
4,52,1.0
4,53,2.0
4,53,2.0
4,56,4.0
4,56,4.0
4,4,0.8708
4,0,2.0
4,1,3.0
4,10,4.0
4,11,1.0
4,13,2.0
4,16,2.0
4,17,1.0
4,18,2.0
4,20,1.0
4,21,3.0
4,22,4.0
4,23,1.0
4,24,2.0
4,25,5.0
4,27,1.0
4,30,3.0
4,31,1.0
4,33,1.0
4,34,1.0
4,35,1.0
4,36,2.0
4,37,2.0
4,41,2.0
4,45,1.0
4,46,3.0
4,47,2.0
4,48,5.0
4,49,2.0
4,50,3.0
4,51,2.0
4,54,2.0
4,55,2.0
4,57,1.0
5,1,2.0
5,1,2.0
5,2,14.0
5,2,5.0
5,3,3.0
5,3,5.0
5,4,2.0
5,4,2.0
5,6,30.0
5,6,5.0
5,7,2.0
5,7,3.0
5,8,8.0
5,8,4.0
5,10,4.0
5,10,4.0
5,11,4.0
5,11,3.0
5,12,1.0
5,12,3.0
5,13,6.0
5,13,5.0
5,14,2.0
5,14,4.0
5,15,14.0
5,15,5.0
5,16,9.0
5,16,5.0
5,18,1.0
5,18,2.0
5,19,51.0
5,19,5.0
5,21,3.0
5,21,2.0
5,22,2.0
5,22,3.0
5,23,1.0
5,23,1.0
5,25,1.0
5,25,1.0
5,26,6.0
5,26,3.0
5,28,3.0
5,28,4.0
5,29,11.0
5,29,4.0
5,30,2.0
5,30,4.0
5,32,15.0
5,32,4.0
5,33,5.0
5,33,3.0
5,34,3.0
5,34,3.0
5,35,1.0
5,35,2.0
5,37,2.0
5,37,2.0
5,38,2.0
5,38,2.0
5,39,1.0
5,39,2.0
5,40,3.0
5,40,2.0
5,41,1.0
5,41,3.0
5,43,3.0
5,43,2.0
5,44,2.0
5,44,2.0
5,45,2.0
5,45,3.0
5,46,6.0
5,46,5.0
5,47,1.0
5,47,3.0
5,48,3.0
5,48,3.0
5,49,4.0
5,49,3.0
5,51,2.0
5,51,2.0
5,52,8.0
5,52,4.0
5,53,9.0
5,53,4.0
5,54,3.0
5,54,3.0
5,55,2.0
5,55,3.0
5,56,18.0
5,56,5.0
5,57,2.0
5,57,4.0
5,5,0.5195
5,0,3.0
5,9,3.0
5,17,2.0
5,20,3.0
5,24,1.0
5,27,1.0
5,31,1.0
5,36,1.0
5,42,1.0
5,50,1.0
6,0,2.0
6,0,2.0
6,1,1.0
6,1,1.0
6,2,15.0
6,2,3.0
6,3,9.0
6,3,4.0
6,4,8.0
6,4,2.0
6,5,30.0
6,5,5.0
6,7,10.0
6,7,2.0
6,8,4.0
6,8,2.0
6,9,2.0
6,9,2.0
6,10,7.0
6,10,2.0
6,11,3.0
6,11,2.0
6,13,12.0
6,13,5.0
6,14,9.0
6,14,5.0
6,15,10.0
6,15,5.0
6,16,9.0
6,16,4.0
6,17,2.0
6,17,3.0
6,18,3.0
6,18,3.0
6,19,40.0
6,19,5.0
6,20,2.0
6,20,3.0
6,21,2.0
6,21,2.0
6,22,5.0
6,22,2.0
6,23,2.0
6,23,2.0
6,25,1.0
6,25,2.0
6,26,19.0
6,26,3.0
6,27,1.0
6,27,1.0
6,28,10.0
6,28,4.0
6,29,14.0
6,29,3.0
6,30,5.0
6,30,3.0
6,31,3.0
6,31,2.0
6,32,14.0
6,32,5.0
6,33,7.0
6,33,4.0
6,34,7.0
6,34,3.0
6,35,5.0
6,35,4.0
6,36,3.0
6,36,2.0
6,37,4.0
6,37,2.0
6,38,5.0
6,38,2.0
6,39,7.0
6,39,2.0
6,40,8.0
6,40,3.0
6,41,5.0
6,41,2.0
6,43,2.0
6,43,3.0
6,44,4.0
6,44,2.0
6,45,7.0
6,45,2.0
6,46,3.0
6,46,2.0
6,47,7.0
6,47,2.0
6,48,7.0
6,48,3.0
6,49,2.0
6,49,3.0
6,52,6.0
6,52,3.0
6,53,5.0
6,53,3.0
6,54,14.0
6,54,3.0
6,55,16.0
6,55,4.0
6,56,20.0
6,56,5.0
6,57,4.0
6,57,3.0
6,6,0.6761
6,12,1.0
6,24,2.0
6,42,2.0
6,50,1.0
6,51,2.0
7,2,4.0
7,2,3.0
7,3,1.0
7,3,3.0
7,4,1.0
7,4,2.0
7,5,2.0
7,5,2.0
7,6,10.0
7,6,3.0
7,8,3.0
7,8,3.0
7,10,2.0
7,10,4.0
7,12,1.0
7,12,3.0
7,13,3.0
7,13,3.0
7,14,3.0
7,14,3.0
7,15,3.0
7,15,3.0
7,16,5.0
7,16,2.0
7,19,6.0
7,19,3.0
7,20,1.0
7,20,2.0
7,22,2.0
7,22,3.0
7,23,3.0
7,23,5.0
7,25,1.0
7,25,2.0
7,26,6.0
7,26,3.0
7,28,2.0
7,28,2.0
7,30,9.0
7,30,5.0
7,31,1.0
7,31,4.0
7,33,1.0
7,33,5.0
7,34,2.0
7,34,3.0
7,35,4.0
7,35,4.0
7,36,2.0
7,36,3.0
7,37,5.0
7,37,3.0
7,38,1.0
7,38,3.0
7,40,3.0
7,40,3.0
7,41,5.0
7,41,2.0
7,44,5.0
7,44,2.0
7,46,1.0
7,46,2.0
7,47,3.0
7,47,3.0
7,48,1.0
7,48,4.0
7,49,1.0
7,49,3.0
7,51,1.0
7,51,2.0
7,52,2.0
7,52,3.0
7,53,5.0
7,53,2.0
7,55,2.0
7,55,3.0
7,56,4.0
7,56,3.0
7,57,2.0
7,57,4.0
7,7,0.1555
7,0,5.0
7,1,3.0
7,9,3.0
7,11,3.0
7,17,3.0
7,18,3.0
7,21,2.0
7,24,2.0
7,27,2.0
7,29,3.0
7,32,3.0
7,39,2.0
7,42,2.0
7,43,3.0
7,45,3.0
7,50,2.0
7,54,2.0
8,1,2.0
8,1,2.0
8,2,12.0
8,2,5.0
8,3,8.0
8,3,4.0
8,4,1.0
8,4,2.0
8,5,8.0
8,5,3.0
8,6,4.0
8,6,3.0
8,7,3.0
8,7,2.0
8,10,5.0
8,10,3.0
8,11,5.0
8,11,5.0
8,12,2.0
8,12,2.0
8,13,2.0
8,13,3.0
8,14,4.0
8,14,3.0
8,15,5.0
8,15,3.0
8,16,6.0
8,16,3.0
8,17,1.0
8,17,1.0
8,19,5.0
8,19,4.0
8,21,5.0
8,21,4.0
8,23,3.0
8,23,3.0
8,24,3.0
8,24,4.0
8,25,3.0
8,25,5.0
8,26,3.0
8,26,2.0
8,27,1.0
8,27,1.0
8,28,2.0
8,28,3.0
8,29,3.0
8,29,3.0
8,30,1.0
8,30,2.0
8,32,2.0
8,32,3.0
8,33,4.0
8,33,3.0
8,34,4.0
8,34,4.0
8,35,3.0
8,35,3.0
8,36,5.0
8,36,3.0
8,37,1.0
8,37,2.0
8,38,2.0
8,38,2.0
8,40,1.0
8,40,2.0
8,41,1.0
8,41,2.0
8,42,1.0
8,42,2.0
8,43,2.0
8,43,2.0
8,46,4.0
8,46,4.0
8,48,1.0
8,48,3.0
8,49,4.0
8,49,2.0
8,51,6.0
8,51,5.0
8,52,1.0
8,52,2.0
8,53,4.0
8,53,4.0
8,54,3.0
8,54,2.0
8,55,2.0
8,55,3.0
8,56,7.0
8,56,4.0
8,57,1.0
8,57,4.0
8,8,0.6856
8,0,2.0
8,9,1.0
8,18,3.0
8,20,2.0
8,22,3.0
8,31,2.0
8,39,2.0
8,44,2.0
8,45,2.0
8,47,2.0
8,50,1.0
9,4,1.0
9,4,4.0
9,6,2.0
9,6,3.0
9,14,1.0
9,14,5.0
9,15,2.0
9,15,4.0
9,26,6.0
9,26,5.0
9,28,1.0
9,28,5.0
9,30,1.0
9,30,3.0
9,37,1.0
9,37,2.0
9,38,2.0
9,38,4.0
9,39,2.0
9,39,5.0
9,45,1.0
9,45,4.0
9,53,1.0
9,53,5.0
9,9,0.7465
9,0,3.0
9,1,3.0
9,2,5.0
9,3,4.0
9,5,4.0
9,7,3.0
9,8,2.0
9,10,3.0
9,11,4.0
9,12,2.0
9,13,4.0
9,16,4.0
9,17,1.0
9,18,2.0
9,19,4.0
9,20,2.0
9,21,4.0
9,22,2.0
9,23,2.0
9,24,3.0
9,25,2.0
9,27,1.0
9,29,2.0
9,31,1.0
9,32,2.0
9,33,3.0
9,34,4.0
9,35,1.0
9,36,1.0
9,40,3.0
9,41,3.0
9,42,2.0
9,43,1.0
9,44,3.0
9,46,1.0
9,47,3.0
9,48,2.0
9,49,4.0
9,50,1.0
9,51,2.0
9,52,2.0
9,54,4.0
9,55,1.0
9,56,3.0
9,57,3.0
10,0,1.0
10,0,3.0
10,2,5.0
10,2,3.0
10,5,4.0
10,5,3.0
10,6,7.0
10,6,3.0
10,7,2.0
10,7,3.0
10,8,5.0
10,8,3.0
10,13,1.0
10,13,3.0
10,14,3.0
10,14,3.0
10,15,3.0
10,15,3.0
10,16,5.0
10,16,3.0
10,17,3.0
10,17,3.0
10,19,7.0
10,19,3.0
10,20,4.0
10,20,5.0
10,21,1.0
10,21,3.0
10,23,3.0
10,23,3.0
10,26,4.0
10,26,3.0
10,28,5.0
10,28,3.0
10,29,1.0
10,29,3.0
10,30,3.0
10,30,5.0
10,33,2.0
10,33,3.0
10,34,2.0
10,34,3.0
10,35,3.0
10,35,3.0
10,36,5.0
10,36,3.0
10,37,3.0
10,37,3.0
10,38,2.0
10,38,3.0
10,41,1.0
10,41,3.0
10,43,2.0
10,43,3.0
10,44,1.0
10,44,3.0
10,45,4.0
10,45,5.0
10,46,5.0
10,46,3.0
10,47,2.0
10,47,5.0
10,48,1.0
10,48,3.0
10,53,4.0
10,53,3.0
10,54,6.0
10,54,3.0
10,55,6.0
10,55,3.0
10,56,12.0
10,56,3.0
10,10,0.1993
10,1,3.0
10,3,3.0
10,4,3.0
10,9,3.0
10,11,3.0
10,12,3.0
10,18,3.0
10,22,3.0
10,24,3.0
10,25,3.0
10,27,3.0
10,31,5.0
10,32,3.0
10,39,3.0
10,40,3.0
10,42,3.0
10,49,3.0
10,50,2.0
10,51,3.0
10,52,3.0
10,57,3.0
11,0,1.0
11,0,2.0
11,2,4.0
11,2,4.0
11,3,5.0
11,3,4.0
11,5,4.0
11,5,3.0
11,6,3.0
11,6,2.0
11,8,5.0
11,8,5.0
11,19,3.0
11,19,4.0
11,21,1.0
11,21,4.0
11,23,1.0
11,23,2.0
11,24,1.0
11,24,3.0
11,28,2.0
11,28,2.0
11,30,2.0
11,30,3.0
11,32,1.0
11,32,2.0
11,33,2.0
11,33,4.0
11,34,3.0
11,34,3.0
11,35,2.0
11,35,4.0
11,36,2.0
11,36,2.0
11,37,1.0
11,37,2.0
11,41,1.0
11,41,2.0
11,43,1.0
11,43,2.0
11,44,1.0
11,44,1.0
11,45,1.0
11,45,3.0
11,48,1.0
11,48,3.0
11,49,2.0
11,49,2.0
11,52,1.0
11,52,2.0
11,53,2.0
11,53,4.0
11,55,7.0
11,55,4.0
11,56,3.0
11,56,3.0
11,57,3.0
11,57,4.0
11,11,0.5161
11,1,3.0
11,4,2.0
11,7,2.0
11,9,3.0
11,10,3.0
11,12,2.0
11,13,3.0
11,14,2.0
11,15,3.0
11,16,3.0
11,17,2.0
11,18,3.0
11,20,2.0
11,22,2.0
11,25,3.0
11,26,3.0
11,27,1.0
11,29,2.0
11,31,1.0
11,38,4.0
11,39,2.0
11,40,2.0
11,42,3.0
11,46,1.0
11,47,2.0
11,50,2.0
11,51,2.0
11,54,2.0
12,0,2.0
12,0,2.0
12,1,6.0
12,1,5.0
12,2,3.0
12,2,4.0
12,4,2.0
12,4,4.0
12,5,1.0
12,5,3.0
12,7,1.0
12,7,2.0
12,8,2.0
12,8,2.0
12,13,2.0
12,13,3.0
12,14,1.0
12,14,2.0
12,15,3.0
12,15,3.0
12,16,3.0
12,16,2.0
12,18,1.0
12,18,2.0
12,21,6.0
12,21,5.0
12,22,2.0
12,22,3.0
12,26,3.0
12,26,3.0
12,28,1.0
12,28,4.0
12,32,1.0
12,32,3.0
12,33,1.0
12,33,3.0
12,34,1.0
12,34,3.0
12,37,1.0
12,37,4.0
12,38,1.0
12,38,4.0
12,39,1.0
12,39,5.0
12,40,1.0
12,40,2.0
12,41,1.0
12,41,4.0
12,42,1.0
12,42,3.0
12,44,2.0
12,44,4.0
12,45,1.0
12,45,2.0
12,48,2.0
12,48,3.0
12,52,2.0
12,52,3.0
12,53,4.0
12,53,4.0
12,54,1.0
12,54,3.0
12,12,0.4787
12,3,2.0
12,6,2.0
12,9,2.0
12,10,2.0
12,11,2.0
12,17,2.0
12,19,3.0
12,20,1.0
12,23,2.0
12,24,5.0
12,25,2.0
12,27,2.0
12,29,3.0
12,30,3.0
12,31,2.0
12,35,3.0
12,36,2.0
12,43,4.0
12,46,3.0
12,47,2.0
12,49,3.0
12,50,3.0
12,51,2.0
12,55,3.0
12,56,3.0
12,57,2.0
13,1,2.0
13,1,2.0
13,2,8.0
13,2,5.0
13,5,6.0
13,5,5.0
13,6,12.0
13,6,5.0
13,7,3.0
13,7,2.0
13,8,2.0
13,8,4.0
13,10,1.0
13,10,3.0
13,12,2.0
13,12,3.0
13,14,3.0
13,14,4.0
13,15,8.0
13,15,5.0
13,16,11.0
13,16,4.0
13,17,1.0
13,17,3.0
13,18,4.0
13,18,4.0
13,19,8.0
13,19,4.0
13,21,1.0
13,21,3.0
13,24,1.0
13,24,3.0
13,25,1.0
13,25,3.0
13,26,4.0
13,26,4.0
13,28,8.0
13,28,5.0
13,29,4.0
13,29,3.0
13,30,6.0
13,30,4.0
13,32,3.0
13,32,4.0
13,33,1.0
13,33,3.0
13,34,5.0
13,34,4.0
13,35,1.0
13,35,3.0
13,36,1.0
13,36,2.0
13,40,1.0
13,40,4.0
13,41,3.0
13,41,4.0
13,43,2.0
13,43,4.0
13,44,2.0
13,44,4.0
13,45,1.0
13,45,3.0
13,46,1.0
13,46,3.0
13,47,1.0
13,47,3.0
13,52,1.0
13,52,4.0
13,54,2.0
13,54,4.0
13,55,1.0
13,55,4.0
13,56,5.0
13,56,5.0
13,57,1.0
13,57,3.0
13,13,0.4378
13,0,3.0
13,3,4.0
13,4,3.0
13,9,3.0
13,11,3.0
13,20,3.0
13,22,2.0
13,23,2.0
13,27,2.0
13,31,3.0
13,37,3.0
13,38,4.0
13,39,3.0
13,42,3.0
13,48,3.0
13,49,3.0
13,50,2.0
13,51,2.0
13,53,4.0
14,2,10.0
14,2,3.0
14,3,2.0
14,3,3.0
14,4,1.0
14,4,4.0
14,5,2.0
14,5,4.0
14,6,9.0
14,6,5.0
14,7,3.0
14,7,2.0
14,8,4.0
14,8,3.0
14,9,1.0
14,9,2.0
14,10,3.0
14,10,2.0
14,12,1.0
14,12,1.0
14,13,3.0
14,13,3.0
14,15,9.0
14,15,4.0
14,16,14.0
14,16,5.0
14,18,6.0
14,18,5.0
14,19,9.0
14,19,2.0
14,21,2.0
14,21,2.0
14,22,1.0
14,22,3.0
14,23,2.0
14,23,2.0
14,24,1.0
14,24,1.0
14,26,4.0
14,26,4.0
14,28,3.0
14,28,3.0
14,30,2.0
14,30,3.0
14,31,1.0
14,31,3.0
14,32,1.0
14,32,3.0
14,33,4.0
14,33,4.0
14,34,2.0
14,34,4.0
14,35,3.0
14,35,3.0
14,37,6.0
14,37,4.0
14,38,1.0
14,38,2.0
14,40,7.0
14,40,5.0
14,41,1.0
14,41,3.0
14,43,7.0
14,43,5.0
14,44,1.0
14,44,3.0
14,45,1.0
14,45,2.0
14,48,1.0
14,48,4.0
14,49,1.0
14,49,1.0
14,52,7.0
14,52,3.0
14,53,6.0
14,53,3.0
14,54,4.0
14,54,3.0
14,55,9.0
14,55,5.0
14,56,4.0
14,56,5.0
14,14,0.3704
14,0,2.0
14,1,1.0
14,11,1.0
14,17,1.0
14,20,2.0
14,25,1.0
14,27,1.0
14,29,2.0
14,36,1.0
14,39,1.0
14,42,1.0
14,46,2.0
14,47,1.0
14,50,1.0
14,51,1.0
14,57,5.0
15,1,1.0
15,1,3.0
15,2,8.0
15,2,4.0
15,3,4.0
15,3,4.0
15,4,1.0
15,4,3.0
15,5,14.0
15,5,5.0
15,6,10.0
15,6,5.0
15,7,3.0
15,7,2.0
15,8,5.0
15,8,3.0
15,9,2.0
15,9,2.0
15,10,3.0
15,10,3.0
15,12,3.0
15,12,4.0
15,13,8.0
15,13,4.0
15,14,9.0
15,14,5.0
15,16,26.0
15,16,5.0
15,17,3.0
15,17,3.0
15,18,1.0
15,18,5.0
15,19,12.0
15,19,5.0
15,21,2.0
15,21,3.0
15,24,1.0
15,24,2.0
15,26,7.0
15,26,2.0
15,28,5.0
15,28,4.0
15,29,6.0
15,29,4.0
15,30,5.0
15,30,3.0
15,31,4.0
15,31,2.0
15,32,2.0
15,32,3.0
15,33,2.0
15,33,3.0
15,34,2.0
15,34,3.0
15,35,2.0
15,35,3.0
15,37,4.0
15,37,3.0
15,38,4.0
15,38,4.0
15,40,2.0
15,40,4.0
15,41,5.0
15,41,5.0
15,42,1.0
15,42,3.0
15,43,3.0
15,43,3.0
15,44,2.0
15,44,4.0
15,45,1.0
15,45,4.0
15,46,1.0
15,46,3.0
15,47,4.0
15,47,4.0
15,49,2.0
15,49,3.0
15,52,8.0
15,52,5.0
15,53,4.0
15,53,4.0
15,54,2.0
15,54,2.0
15,56,11.0
15,56,3.0
15,57,3.0
15,57,3.0
15,15,0.4765
15,0,3.0
15,11,3.0
15,20,2.0
15,22,2.0
15,23,2.0
15,25,1.0
15,27,2.0
15,36,2.0
15,39,3.0
15,48,3.0
15,50,2.0
15,51,1.0
15,55,4.0
16,0,1.0
16,0,2.0
16,2,11.0
16,2,5.0
16,3,3.0
16,3,3.0
16,5,9.0
16,5,4.0
16,6,9.0
16,6,4.0
16,7,5.0
16,7,2.0
16,8,6.0
16,8,3.0
16,10,5.0
16,10,3.0
16,12,3.0
16,12,2.0
16,13,11.0
16,13,4.0
16,14,14.0
16,14,5.0
16,15,26.0
16,15,5.0
16,17,3.0
16,17,2.0
16,19,9.0
16,19,5.0
16,21,1.0
16,21,3.0
16,24,1.0
16,24,3.0
16,26,5.0
16,26,2.0
16,28,5.0
16,28,4.0
16,29,2.0
16,29,3.0
16,30,2.0
16,30,2.0
16,31,4.0
16,31,2.0
16,32,2.0
16,32,4.0
16,33,1.0
16,33,2.0
16,34,4.0
16,34,5.0
16,35,2.0
16,35,2.0
16,37,1.0
16,37,4.0
16,38,1.0
16,38,3.0
16,39,1.0
16,39,2.0
16,40,2.0
16,40,3.0
16,41,3.0
16,41,5.0
16,43,3.0
16,43,5.0
16,44,1.0
16,44,3.0
16,47,3.0
16,47,3.0
16,48,1.0
16,48,3.0
16,49,2.0
16,49,3.0
16,52,7.0
16,52,4.0
16,53,7.0
16,53,5.0
16,54,4.0
16,54,3.0
16,56,11.0
16,56,5.0
16,16,0.7669
16,1,2.0
16,4,3.0
16,9,3.0
16,11,3.0
16,18,4.0
16,20,2.0
16,22,2.0
16,23,2.0
16,25,1.0
16,27,3.0
16,36,1.0
16,42,3.0
16,45,2.0
16,46,2.0
16,50,1.0
16,51,1.0
16,55,4.0
16,57,3.0
17,3,2.0
17,3,5.0
17,6,2.0
17,6,5.0
17,8,1.0
17,8,3.0
17,10,3.0
17,10,5.0
17,13,1.0
17,13,4.0
17,15,3.0
17,15,5.0
17,16,3.0
17,16,4.0
17,20,3.0
17,20,5.0
17,28,1.0
17,28,2.0
17,31,3.0
17,31,5.0
17,33,1.0
17,33,5.0
17,34,1.0
17,34,4.0
17,35,1.0
17,35,4.0
17,36,1.0
17,36,2.0
17,38,1.0
17,38,3.0
17,43,1.0
17,43,5.0
17,45,2.0
17,45,5.0
17,47,2.0
17,47,5.0
17,54,2.0
17,54,4.0
17,55,1.0
17,55,5.0
17,57,1.0
17,57,5.0
17,17,0.4781
17,0,5.0
17,1,3.0
17,2,2.0
17,4,3.0
17,5,3.0
17,7,5.0
17,9,2.0
17,11,5.0
17,12,4.0
17,14,3.0
17,18,2.0
17,19,1.0
17,21,3.0
17,22,3.0
17,23,3.0
17,24,3.0
17,25,2.0
17,26,2.0
17,27,1.0
17,29,5.0
17,30,5.0
17,32,3.0
17,37,2.0
17,39,3.0
17,40,3.0
17,41,3.0
17,42,3.0
17,44,5.0
17,46,2.0
17,48,3.0
17,49,5.0
17,50,2.0
17,51,1.0
17,52,2.0
17,53,3.0
17,56,5.0
18,0,1.0
18,0,3.0
18,2,2.0
18,2,4.0
18,3,2.0
18,3,4.0
18,5,1.0
18,5,2.0
18,6,3.0
18,6,3.0
18,12,1.0
18,12,3.0
18,13,4.0
18,13,4.0
18,14,6.0
18,14,5.0
18,15,1.0
18,15,5.0
18,19,5.0
18,19,4.0
18,22,2.0
18,22,5.0
18,23,1.0
18,23,4.0
18,24,3.0
18,24,5.0
18,29,1.0
18,29,4.0
18,30,1.0
18,30,3.0
18,33,1.0
18,33,4.0
18,34,1.0
18,34,2.0
18,35,1.0
18,35,4.0
18,36,1.0
18,36,4.0
18,37,2.0
18,37,3.0
18,39,1.0
18,39,2.0
18,40,14.0
18,40,5.0
18,41,1.0
18,41,4.0
18,43,1.0
18,43,3.0
18,46,1.0
18,46,4.0
18,48,3.0
18,48,5.0
18,52,1.0
18,52,3.0
18,55,3.0
18,55,4.0
18,56,1.0
18,56,4.0
18,57,2.0
18,57,3.0
18,18,0.4189
18,1,3.0
18,4,2.0
18,7,2.0
18,8,4.0
18,9,3.0
18,10,3.0
18,11,3.0
18,16,5.0
18,17,2.0
18,20,2.0
18,21,4.0
18,25,2.0
18,26,3.0
18,27,3.0
18,28,4.0
18,31,3.0
18,32,4.0
18,38,1.0
18,42,3.0
18,44,3.0
18,45,2.0
18,47,2.0
18,49,3.0
18,50,3.0
18,51,2.0
18,53,3.0
18,54,3.0
19,1,1.0
19,1,2.0
19,2,19.0
19,2,4.0
19,3,6.0
19,3,4.0
19,4,3.0
19,4,2.0
19,5,51.0
19,5,5.0
19,6,40.0
19,6,5.0
19,7,6.0
19,7,2.0
19,8,5.0
19,8,3.0
19,10,7.0
19,10,3.0
19,11,3.0
19,11,3.0
19,13,8.0
19,13,4.0
19,14,9.0
19,14,3.0
19,15,12.0
19,15,4.0
19,16,9.0
19,16,3.0
19,18,5.0
19,18,3.0
19,20,3.0
19,20,2.0
19,21,2.0
19,21,3.0
19,22,3.0
19,22,3.0
19,23,2.0
19,23,1.0
19,24,1.0
19,24,1.0
19,25,1.0
19,25,1.0
19,26,7.0
19,26,2.0
19,27,1.0
19,27,2.0
19,28,10.0
19,28,3.0
19,29,6.0
19,29,3.0
19,30,6.0
19,30,3.0
19,31,1.0
19,31,2.0
19,32,13.0
19,32,5.0
19,33,12.0
19,33,3.0
19,34,9.0
19,34,3.0
19,35,2.0
19,35,3.0
19,36,1.0
19,36,2.0
19,37,6.0
19,37,2.0
19,38,2.0
19,38,2.0
19,39,1.0
19,39,2.0
19,40,10.0
19,40,3.0
19,41,4.0
19,41,2.0
19,43,2.0
19,43,3.0
19,44,2.0
19,44,2.0
19,45,1.0
19,45,2.0
19,46,2.0
19,46,1.0
19,47,1.0
19,47,2.0
19,48,6.0
19,48,3.0
19,49,1.0
19,49,3.0
19,52,12.0
19,52,5.0
19,53,17.0
19,53,5.0
19,54,11.0
19,54,3.0
19,55,9.0
19,55,2.0
19,56,23.0
19,56,5.0
19,57,5.0
19,57,3.0
19,19,0.3332
19,0,3.0
19,9,3.0
19,12,2.0
19,17,2.0
19,42,2.0
19,50,1.0
19,51,1.0
20,2,2.0
20,2,2.0
20,6,2.0
20,6,3.0
20,7,1.0
20,7,1.0
20,10,4.0
20,10,5.0
20,17,3.0
20,17,4.0
20,19,3.0
20,19,3.0
20,22,1.0
20,22,2.0
20,28,2.0
20,28,1.0
20,30,2.0
20,30,5.0
20,33,1.0
20,33,2.0
20,34,1.0
20,34,2.0
20,35,1.0
20,35,2.0
20,37,1.0
20,37,1.0
20,40,1.0
20,40,2.0
20,41,1.0
20,41,1.0
20,45,5.0
20,45,5.0
20,47,1.0
20,47,5.0
20,48,1.0
20,48,3.0
20,53,1.0
20,53,2.0
20,54,2.0
20,54,2.0
20,55,4.0
20,55,2.0
20,56,2.0
20,56,3.0
20,57,1.0
20,57,2.0
20,20,0.4918
20,0,3.0
20,1,1.0
20,3,2.0
20,4,1.0
20,5,2.0
20,8,2.0
20,9,2.0
20,11,2.0
20,12,1.0
20,13,2.0
20,14,2.0
20,15,1.0
20,16,1.0
20,18,1.0
20,21,1.0
20,23,2.0
20,24,2.0
20,25,1.0
20,26,1.0
20,27,1.0
20,29,2.0
20,31,4.0
20,32,1.0
20,36,1.0
20,38,1.0
20,39,1.0
20,42,1.0
20,43,3.0
20,44,1.0
20,46,2.0
20,49,4.0
20,50,1.0
20,51,1.0
20,52,1.0
21,0,1.0
21,0,2.0
21,1,10.0
21,1,5.0
21,2,15.0
21,2,5.0
21,3,1.0
21,3,3.0
21,5,3.0
21,5,3.0
21,6,2.0
21,6,2.0
21,8,5.0
21,8,4.0
21,10,1.0
21,10,2.0
21,11,1.0
21,11,3.0
21,12,6.0
21,12,4.0
21,13,1.0
21,13,3.0
21,14,2.0
21,14,3.0
21,15,2.0
21,15,2.0
21,16,1.0
21,16,3.0
21,19,2.0
21,19,4.0
21,22,1.0
21,22,3.0
21,23,1.0
21,23,3.0
21,24,7.0
21,24,5.0
21,25,2.0
21,25,3.0
21,26,1.0
21,26,3.0
21,28,3.0
21,28,4.0
21,29,1.0
21,29,3.0
21,34,1.0
21,34,4.0
21,35,1.0
21,35,3.0
21,36,1.0
21,36,2.0
21,38,2.0
21,38,3.0
21,43,1.0
21,43,3.0
21,45,3.0
21,45,4.0
21,48,2.0
21,48,4.0
21,49,1.0
21,49,3.0
21,53,2.0
21,53,4.0
21,54,1.0
21,54,3.0
21,55,1.0
21,55,3.0
21,56,3.0
21,56,4.0
21,21,0.8481
21,4,3.0
21,7,2.0
21,9,2.0
21,17,2.0
21,18,3.0
21,20,3.0
21,27,1.0
21,30,3.0
21,31,3.0
21,32,3.0
21,33,3.0
21,37,3.0
21,39,3.0
21,40,4.0
21,41,3.0
21,42,3.0
21,44,3.0
21,46,3.0
21,47,3.0
21,50,1.0
21,51,3.0
21,52,2.0
21,57,3.0
22,1,2.0
22,1,3.0
22,2,1.0
22,2,4.0
22,3,1.0
22,3,4.0
22,5,2.0
22,5,3.0
22,6,5.0
22,6,4.0
22,7,2.0
22,7,3.0
22,12,2.0
22,12,2.0
22,14,1.0
22,14,4.0
22,18,2.0
22,18,5.0
22,19,3.0
22,19,3.0
22,20,1.0
22,20,1.0
22,21,1.0
22,21,2.0
22,24,1.0
22,24,4.0
22,26,1.0
22,26,2.0
22,28,2.0
22,28,3.0
22,30,2.0
22,30,2.0
22,32,3.0
22,32,4.0
22,33,1.0
22,33,5.0
22,34,2.0
22,34,2.0
22,35,1.0
22,35,1.0
22,36,2.0
22,36,4.0
22,37,2.0
22,37,4.0
22,38,2.0
22,38,5.0
22,39,1.0
22,39,2.0
22,40,7.0
22,40,5.0
22,41,1.0
22,41,2.0
22,43,1.0
22,43,5.0
22,44,2.0
22,44,5.0
22,46,2.0
22,46,5.0
22,48,11.0
22,48,5.0
22,49,1.0
22,49,1.0
22,50,1.0
22,50,4.0
22,52,1.0
22,52,5.0
22,53,4.0
22,53,2.0
22,54,1.0
22,54,3.0
22,55,2.0
22,55,2.0
22,56,3.0
22,56,4.0
22,57,1.0
22,57,5.0
22,22,0.1356
22,0,2.0
22,4,5.0
22,8,4.0
22,9,2.0
22,10,2.0
22,11,3.0
22,13,4.0
22,15,2.0
22,16,2.0
22,17,2.0
22,23,2.0
22,25,3.0
22,27,1.0
22,29,1.0
22,31,1.0
22,42,1.0
22,45,1.0
22,47,1.0
22,51,2.0
23,2,2.0
23,2,2.0
23,3,3.0
23,3,5.0
23,5,1.0
23,5,2.0
23,6,2.0
23,6,3.0
23,7,3.0
23,7,5.0
23,8,3.0
23,8,4.0
23,10,3.0
23,10,4.0
23,11,1.0
23,11,3.0
23,14,2.0
23,14,3.0
23,18,1.0
23,18,4.0
23,19,2.0
23,19,2.0
23,21,1.0
23,21,3.0
23,25,1.0
23,25,4.0
23,28,1.0
23,28,1.0
23,29,1.0
23,29,2.0
23,30,1.0
23,30,5.0
23,33,2.0
23,33,5.0
23,34,1.0
23,34,2.0
23,35,1.0
23,35,4.0
23,37,2.0
23,37,1.0
23,43,1.0
23,43,3.0
23,45,1.0
23,45,4.0
23,47,1.0
23,47,2.0
23,55,2.0
23,55,4.0
23,56,1.0
23,56,2.0
23,57,1.0
23,57,5.0
23,23,0.2206
23,0,4.0
23,1,1.0
23,4,2.0
23,9,3.0
23,12,2.0
23,13,2.0
23,15,4.0
23,16,2.0
23,17,2.0
23,20,1.0
23,22,2.0
23,24,2.0
23,26,4.0
23,27,1.0
23,31,2.0
23,32,2.0
23,36,1.0
23,38,1.0
23,39,1.0
23,40,4.0
23,41,1.0
23,42,2.0
23,44,1.0
23,46,4.0
23,48,2.0
23,49,5.0
23,50,1.0
23,51,3.0
23,52,1.0
23,53,1.0
23,54,3.0
24,1,4.0
24,1,4.0
24,2,6.0
24,2,5.0
24,3,1.0
24,3,3.0
24,8,3.0
24,8,3.0
24,11,1.0
24,11,4.0
24,13,1.0
24,13,2.0
24,14,1.0
24,14,2.0
24,15,1.0
24,15,1.0
24,16,1.0
24,16,3.0
24,18,3.0
24,18,4.0
24,19,1.0
24,19,2.0
24,21,7.0
24,21,5.0
24,22,1.0
24,22,4.0
24,28,3.0
24,28,3.0
24,29,1.0
24,29,4.0
24,34,3.0
24,34,3.0
24,36,1.0
24,36,2.0
24,37,1.0
24,37,2.0
24,40,4.0
24,40,2.0
24,43,1.0
24,43,2.0
24,52,2.0
24,52,2.0
24,53,1.0
24,53,2.0
24,54,1.0
24,54,1.0
24,55,1.0
24,55,3.0
24,56,5.0
24,56,4.0
24,24,0.0826
24,0,2.0
24,4,3.0
24,5,2.0
24,6,2.0
24,7,2.0
24,9,1.0
24,10,3.0
24,12,4.0
24,17,1.0
24,20,2.0
24,23,2.0
24,25,3.0
24,26,2.0
24,27,1.0
24,30,2.0
24,31,1.0
24,32,2.0
24,33,3.0
24,35,2.0
24,38,3.0
24,39,3.0
24,41,3.0
24,42,4.0
24,44,2.0
24,45,1.0
24,46,1.0
24,47,2.0
24,48,3.0
24,49,2.0
24,50,1.0
24,51,2.0
24,57,2.0
25,2,1.0
25,2,4.0
25,5,1.0
25,5,2.0
25,6,1.0
25,6,2.0
25,7,1.0
25,7,2.0
25,8,3.0
25,8,5.0
25,13,1.0
25,13,2.0
25,19,1.0
25,19,1.0
25,21,2.0
25,21,4.0
25,23,1.0
25,23,3.0
25,26,1.0
25,26,2.0
25,29,1.0
25,29,2.0
25,34,1.0
25,34,4.0
25,37,1.0
25,37,2.0
25,38,3.0
25,38,2.0
25,44,1.0
25,44,4.0
25,47,1.0
25,47,4.0
25,48,2.0
25,48,3.0
25,51,2.0
25,51,5.0
25,53,1.0
25,53,3.0
25,54,1.0
25,54,2.0
25,55,1.0
25,55,2.0
25,56,2.0
25,56,3.0
25,25,0.5919
25,0,3.0
25,1,3.0
25,3,4.0
25,4,4.0
25,9,2.0
25,10,3.0
25,11,3.0
25,12,2.0
25,14,2.0
25,15,2.0
25,16,2.0
25,17,2.0
25,18,3.0
25,20,2.0
25,22,3.0
25,24,4.0
25,27,2.0
25,28,2.0
25,30,2.0
25,31,2.0
25,32,2.0
25,33,3.0
25,35,2.0
25,36,4.0
25,39,2.0
25,40,2.0
25,41,4.0
25,42,4.0
25,43,3.0
25,45,2.0
25,46,3.0
25,49,3.0
25,50,3.0
25,52,2.0
25,57,2.0
26,1,3.0
26,1,2.0
26,2,5.0
26,2,5.0
26,3,5.0
26,3,5.0
26,4,8.0
26,4,5.0
26,5,6.0
26,5,3.0
26,6,19.0
26,6,5.0
26,7,6.0
26,7,3.0
26,8,3.0
26,8,1.0
26,9,6.0
26,9,5.0
26,10,4.0
26,10,5.0
26,12,3.0
26,12,1.0
26,13,4.0
26,13,4.0
26,14,4.0
26,14,4.0
26,15,7.0
26,15,2.0
26,16,5.0
26,16,1.0
26,19,7.0
26,19,5.0
26,21,1.0
26,21,4.0
26,22,1.0
26,22,3.0
26,25,1.0
26,25,1.0
26,28,6.0
26,28,5.0
26,29,6.0
26,29,4.0
26,30,2.0
26,30,5.0
26,31,1.0
26,31,3.0
26,32,1.0
26,32,4.0
26,33,4.0
26,33,5.0
26,35,1.0
26,35,3.0
26,37,2.0
26,37,2.0
26,38,4.0
26,38,1.0
26,40,3.0
26,40,1.0
26,41,2.0
26,41,4.0
26,42,1.0
26,42,1.0
26,43,1.0
26,43,2.0
26,44,4.0
26,44,3.0
26,45,1.0
26,45,1.0
26,47,5.0
26,47,4.0
26,48,2.0
26,48,2.0
26,52,1.0
26,52,4.0
26,53,2.0
26,53,1.0
26,54,2.0
26,54,2.0
26,55,4.0
26,55,5.0
26,56,6.0
26,56,5.0
26,57,2.0
26,57,3.0
26,26,0.3769
26,0,4.0
26,11,3.0
26,17,2.0
26,18,1.0
26,20,2.0
26,23,4.0
26,24,1.0
26,27,1.0
26,34,4.0
26,36,1.0
26,39,2.0
26,46,1.0
26,49,4.0
26,50,1.0
26,51,1.0
27,3,1.0
27,3,3.0
27,6,1.0
27,6,3.0
27,8,1.0
27,8,3.0
27,19,1.0
27,19,3.0
27,33,1.0
27,33,3.0
27,52,1.0
27,52,3.0
27,27,0.2396
27,0,3.0
27,1,3.0
27,2,3.0
27,4,3.0
27,5,3.0
27,7,3.0
27,9,3.0
27,10,3.0
27,11,3.0
27,12,3.0
27,13,3.0
27,14,3.0
27,15,3.0
27,16,3.0
27,17,3.0
27,18,3.0
27,20,3.0
27,21,3.0
27,22,3.0
27,23,3.0
27,24,3.0
27,25,3.0
27,26,3.0
27,28,3.0
27,29,3.0
27,30,3.0
27,31,3.0
27,32,3.0
27,34,3.0
27,35,3.0
27,36,3.0
27,37,3.0
27,38,3.0
27,39,3.0
27,40,3.0
27,41,3.0
27,42,3.0
27,43,3.0
27,44,3.0
27,45,3.0
27,46,3.0
27,47,3.0
27,48,3.0
27,49,3.0
27,50,3.0
27,51,3.0
27,53,3.0
27,54,3.0
27,55,3.0
27,56,3.0
27,57,3.0
28,0,2.0
28,0,2.0
28,1,1.0
28,1,3.0
28,2,12.0
28,2,5.0
28,3,1.0
28,3,3.0
28,4,1.0
28,4,3.0
28,5,3.0
28,5,3.0
28,6,10.0
28,6,4.0
28,7,2.0
28,7,2.0
28,8,2.0
28,8,3.0
28,9,1.0
28,9,4.0
28,10,5.0
28,10,3.0
28,11,2.0
28,11,2.0
28,12,1.0
28,12,3.0
28,13,8.0
28,13,5.0
28,14,3.0
28,14,4.0
28,15,5.0
28,15,4.0
28,16,5.0
28,16,4.0
28,17,1.0
28,17,1.0
28,19,10.0
28,19,3.0
28,20,2.0
28,20,1.0
28,21,3.0
28,21,4.0
28,22,2.0
28,22,3.0
28,23,1.0
28,23,1.0
28,24,3.0
28,24,4.0
28,26,6.0
28,26,5.0
28,29,3.0
28,29,2.0
28,30,1.0
28,30,3.0
28,34,20.0
28,34,5.0
28,35,2.0
28,35,3.0
28,36,2.0
28,36,2.0
28,37,3.0
28,37,4.0
28,38,3.0
28,38,4.0
28,39,2.0
28,39,3.0
28,40,1.0
28,40,2.0
28,41,2.0
28,41,4.0
28,43,3.0
28,43,3.0
28,44,3.0
28,44,2.0
28,46,1.0
28,46,2.0
28,47,1.0
28,47,1.0
28,48,1.0
28,48,2.0
28,49,1.0
28,49,1.0
28,53,7.0
28,53,5.0
28,54,1.0
28,54,3.0
28,55,2.0
28,55,3.0
28,56,10.0
28,56,5.0
28,57,1.0
28,57,2.0
28,28,0.8394
28,18,3.0
28,25,1.0
28,27,2.0
28,31,2.0
28,32,3.0
28,33,2.0
28,42,4.0
28,45,1.0
28,50,1.0
28,51,2.0
28,52,3.0
29,0,1.0
29,0,5.0
29,1,1.0
29,1,2.0
29,2,5.0
29,2,5.0
29,3,3.0
29,3,5.0
29,4,5.0
29,4,1.0
29,5,11.0
29,5,3.0
29,6,14.0
29,6,2.0
29,8,3.0
29,8,3.0
29,10,1.0
29,10,5.0
29,13,4.0
29,13,2.0
29,15,6.0
29,15,3.0
29,16,2.0
29,16,1.0
29,18,1.0
29,18,2.0
29,19,6.0
29,19,5.0
29,21,1.0
29,21,2.0
29,23,1.0
29,23,3.0
29,24,1.0
29,24,3.0
29,25,1.0
29,25,1.0
29,26,6.0
29,26,3.0
29,28,3.0
29,28,3.0
29,30,3.0
29,30,2.0
29,32,1.0
29,32,2.0
29,34,6.0
29,34,4.0
29,35,1.0
29,35,2.0
29,36,1.0
29,36,4.0
29,37,1.0
29,37,3.0
29,38,3.0
29,38,1.0
29,39,1.0
29,39,1.0
29,40,4.0
29,40,3.0
29,41,1.0
29,41,4.0
29,42,2.0
29,42,3.0
29,44,1.0
29,44,1.0
29,46,5.0
29,46,5.0
29,47,1.0
29,47,2.0
29,48,3.0
29,48,1.0
29,49,1.0
29,49,2.0
29,52,3.0
29,52,3.0
29,53,2.0
29,53,3.0
29,54,1.0
29,54,3.0
29,55,6.0
29,55,3.0
29,56,10.0
29,56,5.0
29,57,2.0
29,57,3.0
29,29,0.8323
29,7,3.0
29,9,1.0
29,11,1.0
29,12,2.0
29,14,3.0
29,17,1.0
29,20,2.0
29,22,1.0
29,27,1.0
29,31,2.0
29,33,3.0
29,43,3.0
29,45,1.0
29,50,1.0
29,51,2.0
30,0,1.0
30,0,4.0
30,2,4.0
30,2,4.0
30,5,2.0
30,5,4.0
30,6,5.0
30,6,5.0
30,7,9.0
30,7,5.0
30,8,1.0
30,8,3.0
30,9,1.0
30,9,3.0
30,10,3.0
30,10,5.0
30,11,2.0
30,11,3.0
30,13,6.0
30,13,3.0
30,14,2.0
30,14,4.0
30,15,5.0
30,15,3.0
30,16,2.0
30,16,3.0
30,18,1.0
30,18,3.0
30,19,6.0
30,19,4.0
30,20,2.0
30,20,4.0
30,22,2.0
30,22,4.0
30,23,1.0
30,23,5.0
30,26,2.0
30,26,4.0
30,28,1.0
30,28,4.0
30,29,3.0
30,29,2.0
30,31,4.0
30,31,5.0
30,33,3.0
30,33,4.0
30,34,1.0
30,34,4.0
30,35,3.0
30,35,4.0
30,37,1.0
30,37,3.0
30,39,1.0
30,39,2.0
30,40,3.0
30,40,4.0
30,41,3.0
30,41,4.0
30,44,1.0
30,44,2.0
30,45,3.0
30,45,4.0
30,47,2.0
30,47,4.0
30,48,1.0
30,48,3.0
30,52,1.0
30,52,3.0
30,53,4.0
30,53,4.0
30,54,1.0
30,54,3.0
30,55,1.0
30,55,4.0
30,56,3.0
30,56,4.0
30,57,2.0
30,57,3.0
30,30,0.2785
30,1,2.0
30,3,4.0
30,4,2.0
30,12,2.0
30,17,3.0
30,21,3.0
30,24,3.0
30,25,2.0
30,27,2.0
30,32,3.0
30,36,3.0
30,38,2.0
30,42,2.0
30,43,3.0
30,46,3.0
30,49,4.0
30,50,2.0
30,51,4.0
31,0,1.0
31,0,5.0
31,3,1.0
31,3,4.0
31,6,3.0
31,6,4.0
31,7,1.0
31,7,4.0
31,14,1.0
31,14,5.0
31,15,4.0
31,15,4.0
31,16,4.0
31,16,4.0
31,17,3.0
31,17,5.0
31,19,1.0
31,19,5.0
31,26,1.0
31,26,4.0
31,30,4.0
31,30,5.0
31,33,2.0
31,33,5.0
31,40,1.0
31,40,3.0
31,45,3.0
31,45,5.0
31,47,6.0
31,47,5.0
31,57,1.0
31,57,5.0
31,31,0.3547
31,1,3.0
31,2,4.0
31,4,3.0
31,5,4.0
31,8,3.0
31,9,3.0
31,10,5.0
31,11,3.0
31,12,2.0
31,13,4.0
31,18,4.0
31,20,5.0
31,21,4.0
31,22,3.0
31,23,4.0
31,24,3.0
31,25,2.0
31,27,2.0
31,28,2.0
31,29,5.0
31,32,5.0
31,34,4.0
31,35,3.0
31,36,3.0
31,37,3.0
31,38,2.0
31,39,2.0
31,41,3.0
31,42,2.0
31,43,4.0
31,44,2.0
31,46,3.0
31,48,5.0
31,49,5.0
31,50,2.0
31,51,2.0
31,52,4.0
31,53,4.0
31,54,3.0
31,55,4.0
31,56,5.0
32,2,1.0
32,2,3.0
32,3,1.0
32,3,5.0
32,4,1.0
32,4,2.0
32,5,15.0
32,5,5.0
32,6,14.0
32,6,5.0
32,8,2.0
32,8,3.0
32,11,1.0
32,11,4.0
32,12,1.0
32,12,3.0
32,13,3.0
32,13,4.0
32,14,1.0
32,14,4.0
32,15,2.0
32,15,4.0
32,16,2.0
32,16,3.0
32,19,13.0
32,19,5.0
32,22,3.0
32,22,4.0
32,26,1.0
32,26,3.0
32,29,1.0
32,29,3.0
32,33,1.0
32,33,4.0
32,34,1.0
32,34,4.0
32,35,1.0
32,35,3.0
32,39,3.0
32,39,3.0
32,40,1.0
32,40,3.0
32,48,1.0
32,48,4.0
32,51,2.0
32,51,3.0
32,52,8.0
32,52,5.0
32,53,1.0
32,53,4.0
32,55,1.0
32,55,4.0
32,56,3.0
32,56,4.0
32,32,0.7422
32,0,3.0
32,1,3.0
32,7,2.0
32,9,2.0
32,10,3.0
32,17,3.0
32,18,4.0
32,20,2.0
32,21,2.0
32,23,2.0
32,24,3.0
32,25,3.0
32,27,4.0
32,28,3.0
32,30,2.0
32,31,3.0
32,36,2.0
32,37,3.0
32,38,2.0
32,41,3.0
32,42,4.0
32,43,2.0
32,44,2.0
32,45,2.0
32,46,3.0
32,47,2.0
32,49,3.0
32,50,2.0
32,54,4.0
32,57,4.0
33,0,2.0
33,0,4.0
33,2,4.0
33,2,4.0
33,3,4.0
33,3,5.0
33,5,5.0
33,5,4.0
33,6,7.0
33,6,4.0
33,7,1.0
33,7,4.0
33,8,4.0
33,8,4.0
33,10,2.0
33,10,3.0
33,11,2.0
33,11,3.0
33,12,1.0
33,12,2.0
33,13,1.0
33,13,2.0
33,14,4.0
33,14,3.0
33,15,2.0
33,15,3.0
33,16,1.0
33,16,3.0
33,17,1.0
33,17,4.0
33,18,1.0
33,18,5.0
33,19,12.0
33,19,5.0
33,20,1.0
33,20,3.0
33,22,1.0
33,22,5.0
33,23,2.0
33,23,5.0
33,26,4.0
33,26,4.0
33,27,1.0
33,27,2.0
33,30,3.0
33,30,4.0
33,31,2.0
33,31,4.0
33,32,1.0
33,32,5.0
33,34,3.0
33,34,3.0
33,35,1.0
33,35,4.0
33,38,1.0
33,38,4.0
33,39,1.0
33,39,3.0
33,40,2.0
33,40,5.0
33,41,1.0
33,41,3.0
33,45,3.0
33,45,4.0
33,46,2.0
33,46,3.0
33,47,2.0
33,47,3.0
33,48,1.0
33,48,5.0
33,49,3.0
33,49,5.0
33,52,2.0
33,52,5.0
33,53,4.0
33,53,3.0
33,54,3.0
33,54,4.0
33,55,4.0
33,55,5.0
33,56,3.0
33,56,4.0
33,57,6.0
33,57,5.0
33,33,0.6338
33,1,3.0
33,4,3.0
33,9,3.0
33,21,2.0
33,24,3.0
33,25,4.0
33,28,3.0
33,29,4.0
33,36,4.0
33,37,3.0
33,42,3.0
33,43,3.0
33,44,2.0
33,50,2.0
33,51,4.0
34,0,1.0
34,0,2.0
34,1,5.0
34,1,4.0
34,2,15.0
34,2,5.0
34,3,1.0
34,3,3.0
34,5,3.0
34,5,4.0
34,6,7.0
34,6,4.0
34,7,2.0
34,7,2.0
34,8,4.0
34,8,3.0
34,10,2.0
34,10,3.0
34,11,3.0
34,11,4.0
34,12,1.0
34,12,3.0
34,13,5.0
34,13,3.0
34,14,2.0
34,14,4.0
34,15,2.0
34,15,2.0
34,16,4.0
34,16,5.0
34,17,1.0
34,17,2.0
34,18,1.0
34,18,4.0
34,19,9.0
34,19,4.0
34,20,1.0
34,20,2.0
34,21,1.0
34,21,4.0
34,22,2.0
34,22,3.0
34,23,1.0
34,23,2.0
34,24,3.0
34,24,5.0
34,25,1.0
34,25,3.0
34,28,20.0
34,28,5.0
34,29,6.0
34,29,4.0
34,30,1.0
34,30,3.0
34,32,1.0
34,32,4.0
34,33,3.0
34,33,2.0
34,35,2.0
34,35,2.0
34,36,1.0
34,36,2.0
34,37,3.0
34,37,4.0
34,38,2.0
34,38,4.0
34,39,2.0
34,39,3.0
34,40,3.0
34,40,4.0
34,41,4.0
34,41,4.0
34,42,2.0
34,42,5.0
34,43,2.0
34,43,3.0
34,46,1.0
34,46,4.0
34,48,6.0
34,48,3.0
34,49,1.0
34,49,3.0
34,52,1.0
34,52,2.0
34,53,12.0
34,53,5.0
34,54,2.0
34,54,2.0
34,55,3.0
34,55,3.0
34,56,6.0
34,56,4.0
34,57,2.0
34,57,2.0
34,34,0.7308
34,4,3.0
34,9,4.0
34,26,3.0
34,27,2.0
34,31,2.0
34,44,2.0
34,45,1.0
34,47,1.0
34,50,2.0
34,51,2.0
35,0,2.0
35,0,5.0
35,1,1.0
35,1,1.0
35,2,3.0
35,2,2.0
35,5,1.0
35,5,4.0
35,6,5.0
35,6,5.0
35,7,4.0
35,7,1.0
35,8,3.0
35,8,3.0
35,10,3.0
35,10,5.0
35,11,2.0
35,11,5.0
35,13,1.0
35,13,5.0
35,14,3.0
35,14,3.0
35,15,2.0
35,15,4.0
35,16,2.0
35,16,2.0
35,17,1.0
35,17,3.0
35,18,1.0
35,18,5.0
35,19,2.0
35,19,5.0
35,20,1.0
35,20,5.0
35,21,1.0
35,21,2.0
35,22,1.0
35,22,1.0
35,23,1.0
35,23,1.0
35,26,1.0
35,26,3.0
35,28,2.0
35,28,3.0
35,29,1.0
35,29,2.0
35,30,3.0
35,30,2.0
35,32,1.0
35,32,5.0
35,33,1.0
35,33,4.0
35,34,2.0
35,34,4.0
35,38,1.0
35,38,1.0
35,40,1.0
35,40,5.0
35,41,2.0
35,41,3.0
35,43,1.0
35,43,4.0
35,45,3.0
35,45,5.0
35,48,3.0
35,48,1.0
35,52,1.0
35,52,1.0
35,54,2.0
35,54,1.0
35,55,10.0
35,55,5.0
35,56,1.0
35,56,5.0
35,57,1.0
35,57,4.0
35,35,0.5109
35,3,5.0
35,4,1.0
35,9,3.0
35,12,2.0
35,24,1.0
35,25,1.0
35,27,3.0
35,31,2.0
35,36,1.0
35,37,1.0
35,39,1.0
35,42,4.0
35,44,4.0
35,46,4.0
35,47,5.0
35,49,2.0
35,50,1.0
35,51,2.0
35,53,3.0
36,2,1.0
36,2,3.0
36,3,1.0
36,3,4.0
36,6,3.0
36,6,3.0
36,7,2.0
36,7,3.0
36,8,5.0
36,8,4.0
36,10,5.0
36,10,3.0
36,11,2.0
36,11,4.0
36,13,1.0
36,13,3.0
36,17,1.0
36,17,2.0
36,18,1.0
36,18,5.0
36,19,1.0
36,19,3.0
36,21,1.0
36,21,3.0
36,22,2.0
36,22,5.0
36,24,1.0
36,24,4.0
36,28,2.0
36,28,2.0
36,29,1.0
36,29,3.0
36,34,1.0
36,34,4.0
36,38,3.0
36,38,5.0
36,40,1.0
36,40,4.0
36,44,1.0
36,44,2.0
36,46,4.0
36,46,5.0
36,48,2.0
36,48,5.0
36,50,1.0
36,50,5.0
36,52,2.0
36,52,3.0
36,53,1.0
36,53,3.0
36,55,1.0
36,55,2.0
36,56,3.0
36,56,3.0
36,36,0.319
36,0,2.0
36,1,3.0
36,4,2.0
36,5,4.0
36,9,3.0
36,12,3.0
36,14,3.0
36,15,3.0
36,16,2.0
36,20,2.0
36,23,2.0
36,25,4.0
36,26,3.0
36,27,2.0
36,30,3.0
36,31,2.0
36,32,3.0
36,33,4.0
36,35,2.0
36,37,4.0
36,39,2.0
36,41,3.0
36,42,3.0
36,43,4.0
36,45,2.0
36,47,2.0
36,49,3.0
36,51,3.0
36,54,3.0
36,57,3.0
37,1,4.0
37,1,5.0
37,2,3.0
37,2,3.0
37,3,3.0
37,3,3.0
37,5,2.0
37,5,3.0
37,6,4.0
37,6,2.0
37,7,5.0
37,7,2.0
37,8,1.0
37,8,3.0
37,9,1.0
37,9,3.0
37,10,3.0
37,10,3.0
37,11,1.0
37,11,3.0
37,12,1.0
37,12,3.0
37,14,6.0
37,14,4.0
37,15,4.0
37,15,4.0
37,16,1.0
37,16,4.0
37,18,2.0
37,18,4.0
37,19,6.0
37,19,4.0
37,20,1.0
37,20,2.0
37,22,2.0
37,22,3.0
37,23,2.0
37,23,2.0
37,24,1.0
37,24,3.0
37,25,1.0
37,25,2.0
37,26,2.0
37,26,2.0
37,28,3.0
37,28,4.0
37,29,1.0
37,29,3.0
37,30,1.0
37,30,3.0
37,34,3.0
37,34,5.0
37,39,1.0
37,39,2.0
37,40,2.0
37,40,3.0
37,41,1.0
37,41,4.0
37,44,1.0
37,44,2.0
37,46,2.0
37,46,4.0
37,49,1.0
37,49,3.0
37,52,1.0
37,52,4.0
37,53,6.0
37,53,4.0
37,54,1.0
37,54,2.0
37,55,1.0
37,55,3.0
37,56,4.0
37,56,4.0
37,57,2.0
37,57,3.0
37,37,0.1649
37,0,2.0
37,4,2.0
37,13,3.0
37,17,2.0
37,21,2.0
37,27,3.0
37,31,3.0
37,32,4.0
37,33,2.0
37,35,3.0
37,36,3.0
37,38,3.0
37,42,4.0
37,43,3.0
37,45,3.0
37,47,3.0
37,48,3.0
37,50,2.0
37,51,2.0
38,2,6.0
38,2,3.0
38,3,2.0
38,3,4.0
38,4,9.0
38,4,5.0
38,5,2.0
38,5,3.0
38,6,5.0
38,6,3.0
38,7,1.0
38,7,2.0
38,8,2.0
38,8,3.0
38,9,2.0
38,9,4.0
38,10,2.0
38,10,4.0
38,12,1.0
38,12,4.0
38,14,1.0
38,14,3.0
38,15,4.0
38,15,5.0
38,16,1.0
38,16,3.0
38,17,1.0
38,17,2.0
38,19,2.0
38,19,4.0
38,21,2.0
38,21,5.0
38,22,2.0
38,22,5.0
38,25,3.0
38,25,4.0
38,26,4.0
38,26,4.0
38,28,3.0
38,28,5.0
38,29,3.0
38,29,2.0
38,33,1.0
38,33,3.0
38,34,2.0
38,34,5.0
38,35,1.0
38,35,2.0
38,36,3.0
38,36,5.0
38,39,1.0
38,39,3.0
38,43,4.0
38,43,3.0
38,44,9.0
38,44,5.0
38,45,2.0
38,45,2.0
38,46,1.0
38,46,5.0
38,47,2.0
38,47,2.0
38,48,5.0
38,48,5.0
38,49,4.0
38,49,3.0
38,50,3.0
38,50,5.0
38,53,2.0
38,53,4.0
38,54,2.0
38,54,3.0
38,55,1.0
38,55,3.0
38,56,2.0
38,56,4.0
38,38,0.1839
38,0,2.0
38,1,2.0
38,11,5.0
38,13,4.0
38,18,2.0
38,20,2.0
38,23,2.0
38,24,5.0
38,27,2.0
38,30,2.0
38,31,2.0
38,32,2.0
38,37,2.0
38,40,2.0
38,41,5.0
38,42,5.0
38,51,2.0
38,52,3.0
38,57,3.0
39,4,2.0
39,4,4.0
39,5,1.0
39,5,3.0
39,6,7.0
39,6,4.0
39,9,2.0
39,9,2.0
39,12,1.0
39,12,5.0
39,16,1.0
39,16,2.0
39,18,1.0
39,18,4.0
39,19,1.0
39,19,4.0
39,22,1.0
39,22,1.0
39,28,2.0
39,28,4.0
39,29,1.0
39,29,1.0
39,30,1.0
39,30,1.0
39,32,3.0
39,32,2.0
39,33,1.0
39,33,3.0
39,34,2.0
39,34,3.0
39,37,1.0
39,37,2.0
39,38,1.0
39,38,3.0
39,46,1.0
39,46,1.0
39,52,1.0
39,52,2.0
39,53,2.0
39,53,4.0
39,56,2.0
39,56,4.0
39,39,0.3807
39,0,2.0
39,1,3.0
39,2,3.0
39,3,1.0
39,7,2.0
39,8,1.0
39,10,1.0
39,11,2.0
39,13,3.0
39,14,3.0
39,15,3.0
39,17,2.0
39,20,1.0
39,21,2.0
39,23,2.0
39,24,3.0
39,25,2.0
39,26,2.0
39,27,1.0
39,31,1.0
39,35,3.0
39,36,2.0
39,40,2.0
39,41,3.0
39,42,2.0
39,43,3.0
39,44,3.0
39,45,1.0
39,47,1.0
39,48,1.0
39,49,2.0
39,50,1.0
39,51,5.0
39,54,2.0
39,55,2.0
39,57,2.0
40,0,1.0
40,0,3.0
40,2,2.0
40,2,2.0
40,3,1.0
40,3,5.0
40,4,1.0
40,4,3.0
40,5,3.0
40,5,4.0
40,6,8.0
40,6,4.0
40,7,3.0
40,7,2.0
40,8,1.0
40,8,2.0
40,12,1.0
40,12,2.0
40,13,1.0
40,13,4.0
40,14,7.0
40,14,4.0
40,15,2.0
40,15,3.0
40,16,2.0
40,16,3.0
40,18,14.0
40,18,5.0
40,19,10.0
40,19,5.0
40,20,1.0
40,20,2.0
40,22,7.0
40,22,5.0
40,24,4.0
40,24,3.0
40,26,3.0
40,26,2.0
40,28,1.0
40,28,3.0
40,29,4.0
40,29,4.0
40,30,3.0
40,30,3.0
40,31,1.0
40,31,2.0
40,32,1.0
40,32,4.0
40,33,2.0
40,33,3.0
40,34,3.0
40,34,4.0
40,35,1.0
40,35,4.0
40,36,1.0
40,36,3.0
40,37,2.0
40,37,3.0
40,41,1.0
40,41,2.0
40,42,1.0
40,42,4.0
40,43,1.0
40,43,3.0
40,44,1.0
40,44,4.0
40,48,9.0
40,48,5.0
40,52,4.0
40,52,5.0
40,53,1.0
40,53,2.0
40,54,1.0
40,54,2.0
40,55,5.0
40,55,4.0
40,56,1.0
40,56,4.0
40,57,2.0
40,57,5.0
40,40,0.9018
40,1,2.0
40,9,4.0
40,10,2.0
40,11,2.0
40,17,2.0
40,21,4.0
40,23,2.0
40,25,2.0
40,27,2.0
40,38,3.0
40,39,2.0
40,45,2.0
40,46,3.0
40,47,2.0
40,49,3.0
40,50,4.0
40,51,3.0
41,2,3.0
41,2,4.0
41,5,1.0
41,5,3.0
41,6,5.0
41,6,3.0
41,7,5.0
41,7,2.0
41,8,1.0
41,8,1.0
41,10,1.0
41,10,3.0
41,11,1.0
41,11,1.0
41,12,1.0
41,12,4.0
41,13,3.0
41,13,4.0
41,14,1.0
41,14,3.0
41,15,5.0
41,15,5.0
41,16,3.0
41,16,5.0
41,18,1.0
41,18,3.0
41,19,4.0
41,19,3.0
41,20,1.0
41,20,1.0
41,22,1.0
41,22,1.0
41,26,2.0
41,26,2.0
41,28,2.0
41,28,4.0
41,29,1.0
41,29,3.0
41,30,3.0
41,30,3.0
41,33,1.0
41,33,2.0
41,34,4.0
41,34,5.0
41,35,2.0
41,35,1.0
41,37,1.0
41,37,4.0
41,40,1.0
41,40,2.0
41,42,1.0
41,42,5.0
41,43,1.0
41,43,2.0
41,44,1.0
41,44,1.0
41,45,1.0
41,45,1.0
41,46,1.0
41,46,2.0
41,47,1.0
41,47,1.0
41,48,1.0
41,48,2.0
41,52,2.0
41,52,4.0
41,53,1.0
41,53,4.0
41,54,1.0
41,54,2.0
41,56,3.0
41,56,3.0
41,57,1.0
41,57,1.0
41,41,0.1672
41,0,2.0
41,1,1.0
41,3,1.0
41,4,2.0
41,9,1.0
41,17,1.0
41,21,2.0
41,23,1.0
41,24,2.0
41,25,2.0
41,27,1.0
41,31,1.0
41,32,2.0
41,36,1.0
41,38,2.0
41,39,1.0
41,49,1.0
41,50,1.0
41,51,1.0
41,55,3.0
42,4,1.0
42,4,2.0
42,8,1.0
42,8,3.0
42,12,1.0
42,12,2.0
42,15,1.0
42,15,3.0
42,26,1.0
42,26,2.0
42,29,2.0
42,29,3.0
42,34,2.0
42,34,5.0
42,40,1.0
42,40,3.0
42,41,1.0
42,41,4.0
42,54,1.0
42,54,3.0
42,42,0.5554
42,0,2.0
42,1,3.0
42,2,4.0
42,3,3.0
42,5,2.0
42,6,2.0
42,7,1.0
42,9,2.0
42,10,2.0
42,11,2.0
42,13,3.0
42,14,2.0
42,16,2.0
42,17,1.0
42,18,4.0
42,19,2.0
42,20,1.0
42,21,2.0
42,22,2.0
42,23,2.0
42,24,5.0
42,25,4.0
42,27,2.0
42,28,3.0
42,30,2.0
42,31,1.0
42,32,2.0
42,33,1.0
42,35,3.0
42,36,2.0
42,37,3.0
42,38,3.0
42,39,2.0
42,43,1.0
42,44,2.0
42,45,1.0
42,46,3.0
42,47,1.0
42,48,2.0
42,49,1.0
42,50,1.0
42,51,2.0
42,52,3.0
42,53,4.0
42,55,3.0
42,56,2.0
42,57,1.0
43,1,1.0
43,1,2.0
43,2,9.0
43,2,4.0
43,3,1.0
43,3,4.0
43,4,8.0
43,4,4.0
43,5,3.0
43,5,3.0
43,6,2.0
43,6,3.0
43,8,2.0
43,8,2.0
43,10,2.0
43,10,4.0
43,11,1.0
43,11,2.0
43,13,2.0
43,13,4.0
43,14,7.0
43,14,5.0
43,15,3.0
43,15,3.0
43,16,3.0
43,16,5.0
43,17,1.0
43,17,5.0
43,18,1.0
43,18,3.0
43,19,2.0
43,19,3.0
43,21,1.0
43,21,4.0
43,22,1.0
43,22,4.0
43,23,1.0
43,23,2.0
43,24,1.0
43,24,2.0
43,26,1.0
43,26,2.0
43,28,3.0
43,28,3.0
43,34,2.0
43,34,2.0
43,35,1.0
43,35,3.0
43,38,4.0
43,38,3.0
43,40,1.0
43,40,1.0
43,41,1.0
43,41,3.0
43,44,2.0
43,44,3.0
43,46,1.0
43,46,5.0
43,48,2.0
43,48,4.0
43,49,1.0
43,49,2.0
43,53,2.0
43,53,2.0
43,54,1.0
43,54,2.0
43,55,2.0
43,55,3.0
43,56,3.0
43,56,4.0
43,43,0.6929
43,0,3.0
43,7,2.0
43,9,1.0
43,12,3.0
43,20,5.0
43,25,2.0
43,27,4.0
43,29,2.0
43,30,3.0
43,31,2.0
43,32,3.0
43,33,2.0
43,36,4.0
43,37,3.0
43,39,2.0
43,42,3.0
43,45,3.0
43,47,3.0
43,50,1.0
43,51,1.0
43,52,3.0
43,57,2.0
44,1,1.0
44,1,3.0
44,2,8.0
44,2,4.0
44,3,1.0
44,3,4.0
44,4,25.0
44,4,5.0
44,5,2.0
44,5,2.0
44,6,4.0
44,6,1.0
44,7,5.0
44,7,1.0
44,10,1.0
44,10,4.0
44,11,1.0
44,11,3.0
44,12,2.0
44,12,2.0
44,13,2.0
44,13,4.0
44,14,1.0
44,14,4.0
44,15,2.0
44,15,4.0
44,16,1.0
44,16,2.0
44,19,2.0
44,19,1.0
44,22,2.0
44,22,4.0
44,25,1.0
44,25,3.0
44,26,4.0
44,26,3.0
44,28,3.0
44,28,1.0
44,29,1.0
44,29,1.0
44,30,1.0
44,30,3.0
44,36,1.0
44,36,1.0
44,37,1.0
44,37,1.0
44,38,9.0
44,38,5.0
44,40,1.0
44,40,2.0
44,41,1.0
44,41,1.0
44,43,2.0
44,43,3.0
44,46,1.0
44,46,1.0
44,47,2.0
44,47,1.0
44,48,4.0
44,48,4.0
44,49,1.0
44,49,1.0
44,50,1.0
44,50,1.0
44,53,4.0
44,53,1.0
44,56,1.0
44,56,4.0
44,44,0.1497
44,0,2.0
44,8,1.0
44,9,3.0
44,17,1.0
44,18,1.0
44,20,1.0
44,21,2.0
44,23,1.0
44,24,2.0
44,27,1.0
44,31,1.0
44,32,1.0
44,33,1.0
44,34,1.0
44,35,1.0
44,39,3.0
44,42,1.0
44,45,1.0
44,51,1.0
44,52,1.0
44,54,1.0
44,55,1.0
44,57,1.0
45,2,2.0
45,2,3.0
45,3,1.0
45,3,1.0
45,5,2.0
45,5,2.0
45,6,7.0
45,6,3.0
45,9,1.0
45,9,4.0
45,10,4.0
45,10,4.0
45,11,1.0
45,11,3.0
45,12,1.0
45,12,2.0
45,13,1.0
45,13,3.0
45,14,1.0
45,14,3.0
45,15,1.0
45,15,3.0
45,17,2.0
45,17,4.0
45,19,1.0
45,19,4.0
45,20,5.0
45,20,4.0
45,21,3.0
45,21,3.0
45,23,1.0
45,23,2.0
45,26,1.0
45,26,3.0
45,30,3.0
45,30,4.0
45,31,3.0
45,31,5.0
45,33,3.0
45,33,2.0
45,35,3.0
45,35,4.0
45,38,2.0
45,38,3.0
45,41,1.0
45,41,1.0
45,47,5.0
45,47,5.0
45,48,1.0
45,48,3.0
45,54,1.0
45,54,3.0
45,55,2.0
45,55,4.0
45,56,4.0
45,56,4.0
45,57,1.0
45,57,1.0
45,45,0.4118
45,0,4.0
45,1,2.0
45,4,1.0
45,7,3.0
45,8,3.0
45,16,2.0
45,18,3.0
45,22,3.0
45,24,1.0
45,25,1.0
45,27,1.0
45,28,4.0
45,29,3.0
45,32,1.0
45,34,3.0
45,36,1.0
45,37,2.0
45,39,2.0
45,40,1.0
45,42,1.0
45,43,4.0
45,44,1.0
45,46,1.0
45,49,3.0
45,50,1.0
45,51,2.0
45,52,1.0
45,53,3.0
46,2,1.0
46,2,3.0
46,3,1.0
46,3,3.0
46,5,6.0
46,5,4.0
46,6,3.0
46,6,2.0
46,7,1.0
46,7,2.0
46,8,4.0
46,8,5.0
46,10,5.0
46,10,5.0
46,13,1.0
46,13,2.0
46,15,1.0
46,15,3.0
46,18,1.0
46,18,5.0
46,19,2.0
46,19,3.0
46,22,2.0
46,22,5.0
46,28,1.0
46,28,3.0
46,29,5.0
46,29,5.0
46,33,2.0
46,33,2.0
46,34,1.0
46,34,4.0
46,36,4.0
46,36,4.0
46,37,2.0
46,37,3.0
46,38,1.0
46,38,5.0
46,39,1.0
46,39,2.0
46,41,1.0
46,41,2.0
46,43,1.0
46,43,5.0
46,44,1.0
46,44,2.0
46,47,1.0
46,47,1.0
46,48,2.0
46,48,4.0
46,50,2.0
46,50,5.0
46,52,3.0
46,52,3.0
46,55,2.0
46,55,3.0
46,56,6.0
46,56,5.0
46,57,1.0
46,57,1.0
46,46,0.4828
46,0,3.0
46,1,3.0
46,4,4.0
46,9,1.0
46,11,3.0
46,12,2.0
46,14,3.0
46,16,3.0
46,17,1.0
46,20,1.0
46,21,3.0
46,23,2.0
46,24,3.0
46,25,3.0
46,26,1.0
46,27,2.0
46,30,3.0
46,31,2.0
46,32,2.0
46,35,3.0
46,40,3.0
46,42,3.0
46,45,1.0
46,49,2.0
46,51,2.0
46,53,1.0
46,54,4.0
47,1,5.0
47,1,4.0
47,2,3.0
47,2,3.0
47,3,2.0
47,3,3.0
47,5,1.0
47,5,3.0
47,6,7.0
47,6,3.0
47,7,3.0
47,7,3.0
47,10,2.0
47,10,5.0
47,13,1.0
47,13,2.0
47,15,4.0
47,15,4.0
47,16,3.0
47,16,3.0
47,17,2.0
47,17,4.0
47,19,1.0
47,19,4.0
47,20,1.0
47,20,5.0
47,23,1.0
47,23,1.0
47,25,1.0
47,25,4.0
47,26,5.0
47,26,4.0
47,28,1.0
47,28,3.0
47,29,1.0
47,29,3.0
47,30,2.0
47,30,4.0
47,31,6.0
47,31,5.0
47,33,2.0
47,33,2.0
47,38,2.0
47,38,3.0
47,41,1.0
47,41,3.0
47,44,2.0
47,44,2.0
47,45,5.0
47,45,5.0
47,46,1.0
47,46,2.0
47,48,3.0
47,48,3.0
47,49,2.0
47,49,4.0
47,53,2.0
47,53,3.0
47,54,1.0
47,54,3.0
47,56,2.0
47,56,3.0
47,47,0.7494
47,0,4.0
47,4,3.0
47,8,3.0
47,9,4.0
47,11,3.0
47,12,3.0
47,14,3.0
47,18,1.0
47,21,3.0
47,22,3.0
47,24,3.0
47,27,2.0
47,32,2.0
47,34,2.0
47,35,3.0
47,36,2.0
47,37,2.0
47,39,2.0
47,40,2.0
47,42,2.0
47,43,3.0
47,50,1.0
47,51,2.0
47,52,2.0
47,55,3.0
47,57,2.0
48,0,1.0
48,0,4.0
48,1,3.0
48,1,4.0
48,2,6.0
48,2,2.0
48,3,1.0
48,3,5.0
48,5,3.0
48,5,4.0
48,6,7.0
48,6,3.0
48,7,1.0
48,7,2.0
48,8,1.0
48,8,4.0
48,10,1.0
48,10,3.0
48,11,1.0
48,11,4.0
48,12,2.0
48,12,1.0
48,14,1.0
48,14,4.0
48,16,1.0
48,16,4.0
48,18,3.0
48,18,5.0
48,19,6.0
48,19,4.0
48,20,1.0
48,20,1.0
48,21,2.0
48,21,3.0
48,22,11.0
48,22,5.0
48,25,2.0
48,25,3.0
48,26,2.0
48,26,3.0
48,28,1.0
48,28,3.0
48,29,3.0
48,29,2.0
48,30,1.0
48,30,4.0
48,32,1.0
48,32,4.0
48,33,1.0
48,33,5.0
48,34,6.0
48,34,4.0
48,35,3.0
48,35,3.0
48,36,2.0
48,36,4.0
48,38,5.0
48,38,4.0
48,40,9.0
48,40,5.0
48,41,1.0
48,41,2.0
48,43,2.0
48,43,5.0
48,44,4.0
48,44,5.0
48,45,1.0
48,45,2.0
48,46,2.0
48,46,4.0
48,47,3.0
48,47,2.0
48,49,4.0
48,49,5.0
48,51,1.0
48,51,3.0
48,52,4.0
48,52,4.0
48,53,4.0
48,53,2.0
48,54,2.0
48,54,2.0
48,55,2.0
48,55,3.0
48,56,3.0
48,56,4.0
48,57,1.0
48,57,5.0
48,48,0.7485
48,4,4.0
48,9,3.0
48,13,4.0
48,15,4.0
48,17,1.0
48,23,3.0
48,24,3.0
48,27,2.0
48,31,3.0
48,37,3.0
48,39,3.0
48,42,2.0
48,50,2.0
49,2,2.0
49,2,2.0
49,3,3.0
49,3,5.0
49,5,4.0
49,5,4.0
49,6,2.0
49,6,4.0
49,7,1.0
49,7,4.0
49,8,4.0
49,8,4.0
49,11,2.0
49,11,3.0
49,14,1.0
49,14,4.0
49,15,2.0
49,15,3.0
49,16,2.0
49,16,2.0
49,19,1.0
49,19,5.0
49,21,1.0
49,21,3.0
49,22,1.0
49,22,3.0
49,28,1.0
49,28,2.0
49,29,1.0
49,29,3.0
49,33,3.0
49,33,5.0
49,34,1.0
49,34,3.0
49,37,1.0
49,37,3.0
49,38,4.0
49,38,3.0
49,43,1.0
49,43,4.0
49,44,1.0
49,44,3.0
49,47,2.0
49,47,5.0
49,48,4.0
49,48,4.0
49,50,1.0
49,50,1.0
49,53,1.0
49,53,1.0
49,54,1.0
49,54,3.0
49,55,1.0
49,55,5.0
49,57,3.0
49,57,5.0
49,49,0.8787
49,0,5.0
49,1,4.0
49,4,3.0
49,9,5.0
49,10,5.0
49,12,3.0
49,13,3.0
49,17,2.0
49,18,2.0
49,20,4.0
49,23,4.0
49,24,3.0
49,25,3.0
49,26,4.0
49,27,3.0
49,30,3.0
49,31,2.0
49,32,3.0
49,35,2.0
49,36,3.0
49,39,3.0
49,40,2.0
49,41,3.0
49,42,3.0
49,45,5.0
49,46,3.0
49,51,3.0
49,52,3.0
49,56,5.0
50,22,1.0
50,22,5.0
50,36,1.0
50,36,5.0
50,38,3.0
50,38,5.0
50,44,1.0
50,44,2.0
50,46,2.0
50,46,5.0
50,49,1.0
50,49,2.0
50,50,0.4875
50,0,2.0
50,1,2.0
50,2,2.0
50,3,3.0
50,4,4.0
50,5,2.0
50,6,2.0
50,7,2.0
50,8,2.0
50,9,5.0
50,10,2.0
50,11,2.0
50,12,3.0
50,13,3.0
50,14,2.0
50,15,2.0
50,16,2.0
50,17,2.0
50,18,3.0
50,19,1.0
50,20,1.0
50,21,1.0
50,23,1.0
50,24,1.0
50,25,4.0
50,26,2.0
50,27,1.0
50,28,2.0
50,29,2.0
50,30,2.0
50,31,2.0
50,32,2.0
50,33,1.0
50,34,3.0
50,35,1.0
50,37,2.0
50,39,2.0
50,40,3.0
50,41,1.0
50,42,2.0
50,43,2.0
50,45,1.0
50,47,1.0
50,48,3.0
50,51,1.0
50,52,2.0
50,53,2.0
50,54,2.0
50,55,1.0
50,56,2.0
50,57,1.0
51,2,2.0
51,2,3.0
51,5,2.0
51,5,2.0
51,7,1.0
51,7,2.0
51,8,6.0
51,8,4.0
51,25,2.0
51,25,4.0
51,32,2.0
51,32,3.0
51,48,1.0
51,48,3.0
51,51,0.7639
51,0,2.0
51,1,2.0
51,3,3.0
51,4,2.0
51,6,4.0
51,9,2.0
51,10,3.0
51,11,4.0
51,12,2.0
51,13,3.0
51,14,3.0
51,15,2.0
51,16,2.0
51,17,3.0
51,18,3.0
51,19,2.0
51,20,4.0
51,21,4.0
51,22,3.0
51,23,3.0
51,24,3.0
51,26,3.0
51,27,2.0
51,28,2.0
51,29,2.0
51,30,2.0
51,31,2.0
51,33,3.0
51,34,3.0
51,35,2.0
51,36,3.0
51,37,2.0
51,38,2.0
51,39,4.0
51,40,2.0
51,41,2.0
51,42,3.0
51,43,3.0
51,44,3.0
51,45,3.0
51,46,3.0
51,47,3.0
51,49,3.0
51,50,2.0
51,52,3.0
51,53,3.0
51,54,2.0
51,55,3.0
51,56,4.0
51,57,3.0
52,2,2.0
52,2,3.0
52,3,2.0
52,3,5.0
52,4,1.0
52,4,2.0
52,5,8.0
52,5,5.0
52,6,6.0
52,6,5.0
52,7,2.0
52,7,1.0
52,8,1.0
52,8,2.0
52,11,1.0
52,11,2.0
52,12,2.0
52,12,2.0
52,13,1.0
52,13,4.0
52,14,7.0
52,14,3.0
52,15,8.0
52,15,4.0
52,16,7.0
52,16,4.0
52,18,1.0
52,18,4.0
52,19,12.0
52,19,5.0
52,22,1.0
52,22,4.0
52,24,2.0
52,24,3.0
52,26,1.0
52,26,1.0
52,27,1.0
52,27,5.0
52,29,3.0
52,29,5.0
52,30,1.0
52,30,2.0
52,32,8.0
52,32,5.0
52,33,2.0
52,33,4.0
52,34,1.0
52,34,3.0
52,35,1.0
52,35,1.0
52,36,2.0
52,36,1.0
52,37,1.0
52,37,3.0
52,39,1.0
52,39,1.0
52,40,4.0
52,40,4.0
52,41,2.0
52,41,4.0
52,46,3.0
52,46,1.0
52,48,4.0
52,48,4.0
52,53,5.0
52,53,3.0
52,54,1.0
52,54,1.0
52,55,2.0
52,55,2.0
52,56,4.0
52,56,3.0
52,57,3.0
52,57,4.0
52,52,0.7491
52,0,2.0
52,1,2.0
52,9,1.0
52,10,3.0
52,17,1.0
52,20,1.0
52,21,1.0
52,23,1.0
52,25,1.0
52,28,3.0
52,31,2.0
52,38,2.0
52,42,3.0
52,43,1.0
52,44,1.0
52,45,1.0
52,47,1.0
52,49,2.0
52,50,1.0
52,51,1.0
53,0,1.0
53,0,2.0
53,1,1.0
53,1,3.0
53,2,16.0
53,2,5.0
53,3,1.0
53,3,3.0
53,4,2.0
53,4,3.0
53,5,9.0
53,5,5.0
53,6,5.0
53,6,3.0
53,7,5.0
53,7,2.0
53,8,4.0
53,8,4.0
53,9,1.0
53,9,3.0
53,10,4.0
53,10,2.0
53,11,2.0
53,11,4.0
53,12,4.0
53,12,4.0
53,14,6.0
53,14,2.0
53,15,4.0
53,15,3.0
53,16,7.0
53,16,3.0
53,19,17.0
53,19,5.0
53,20,1.0
53,20,2.0
53,21,2.0
53,21,5.0
53,22,4.0
53,22,2.0
53,24,1.0
53,24,5.0
53,25,1.0
53,25,2.0
53,26,2.0
53,26,4.0
53,28,7.0
53,28,5.0
53,29,2.0
53,29,3.0
53,30,4.0
53,30,2.0
53,32,1.0
53,32,4.0
53,33,4.0
53,33,2.0
53,34,12.0
53,34,5.0
53,36,1.0
53,36,2.0
53,37,6.0
53,37,4.0
53,38,2.0
53,38,3.0
53,39,2.0
53,39,4.0
53,40,1.0
53,40,2.0
53,41,1.0
53,41,4.0
53,43,2.0
53,43,3.0
53,44,4.0
53,44,3.0
53,47,2.0
53,47,2.0
53,48,4.0
53,48,3.0
53,49,1.0
53,49,4.0
53,52,5.0
53,52,4.0
53,54,5.0
53,54,3.0
53,55,3.0
53,55,4.0
53,56,10.0
53,56,5.0
53,53,0.31
53,13,2.0
53,17,1.0
53,18,2.0
53,23,1.0
53,27,3.0
53,31,1.0
53,35,3.0
53,42,4.0
53,45,2.0
53,46,2.0
53,50,2.0
53,51,2.0
53,57,3.0
54,0,1.0
54,0,2.0
54,2,4.0
54,2,3.0
54,3,2.0
54,3,2.0
54,5,3.0
54,5,3.0
54,6,14.0
54,6,4.0
54,8,3.0
54,8,2.0
54,10,6.0
54,10,4.0
54,12,1.0
54,12,3.0
54,13,2.0
54,13,3.0
54,14,4.0
54,14,3.0
54,15,2.0
54,15,2.0
54,16,4.0
54,16,2.0
54,17,2.0
54,17,4.0
54,19,11.0
54,19,5.0
54,20,2.0
54,20,4.0
54,21,1.0
54,21,3.0
54,22,1.0
54,22,2.0
54,24,1.0
54,24,5.0
54,25,1.0
54,25,1.0
54,26,2.0
54,26,3.0
54,28,1.0
54,28,4.0
54,29,1.0
54,29,2.0
54,30,1.0
54,30,4.0
54,33,3.0
54,33,3.0
54,34,2.0
54,34,3.0
54,35,2.0
54,35,2.0
54,37,1.0
54,37,2.0
54,38,2.0
54,38,1.0
54,40,1.0
54,40,1.0
54,41,1.0
54,41,2.0
54,42,1.0
54,42,2.0
54,43,1.0
54,43,2.0
54,45,1.0
54,45,3.0
54,47,1.0
54,47,2.0
54,48,2.0
54,48,2.0
54,49,1.0
54,49,4.0
54,52,1.0
54,52,2.0
54,53,5.0
54,53,5.0
54,55,12.0
54,55,2.0
54,56,7.0
54,56,2.0
54,57,1.0
54,57,2.0
54,54,0.0897
54,1,2.0
54,4,2.0
54,7,2.0
54,9,3.0
54,11,2.0
54,18,1.0
54,23,2.0
54,27,1.0
54,31,1.0
54,32,3.0
54,36,1.0
54,39,1.0
54,44,2.0
54,46,4.0
54,50,1.0
54,51,1.0
55,0,4.0
55,0,3.0
55,1,1.0
55,1,1.0
55,2,5.0
55,2,3.0
55,3,2.0
55,3,4.0
55,5,2.0
55,5,5.0
55,6,16.0
55,6,5.0
55,7,2.0
55,7,3.0
55,8,2.0
55,8,5.0
55,10,6.0
55,10,4.0
55,11,7.0
55,11,5.0
55,13,1.0
55,13,4.0
55,14,9.0
55,14,5.0
55,17,1.0
55,17,1.0
55,18,3.0
55,18,5.0
55,19,9.0
55,19,3.0
55,20,4.0
55,20,3.0
55,21,1.0
55,21,3.0
55,22,2.0
55,22,3.0
55,23,2.0
55,23,3.0
55,24,1.0
55,24,4.0
55,25,1.0
55,25,2.0
55,26,4.0
55,26,4.0
55,28,2.0
55,28,4.0
55,29,6.0
55,29,4.0
55,30,1.0
55,30,3.0
55,32,1.0
55,32,4.0
55,33,4.0
55,33,4.0
55,34,3.0
55,34,5.0
55,35,10.0
55,35,5.0
55,36,1.0
55,36,3.0
55,37,1.0
55,37,1.0
55,38,1.0
55,38,2.0
55,40,5.0
55,40,4.0
55,43,2.0
55,43,4.0
55,45,2.0
55,45,5.0
55,46,2.0
55,46,3.0
55,48,2.0
55,48,3.0
55,49,1.0
55,49,5.0
55,52,2.0
55,52,3.0
55,53,3.0
55,53,5.0
55,54,12.0
55,54,4.0
55,56,12.0
55,56,5.0
55,55,0.4921
55,4,2.0
55,9,3.0
55,12,2.0
55,15,5.0
55,16,5.0
55,27,1.0
55,31,3.0
55,39,4.0
55,41,3.0
55,42,4.0
55,44,2.0
55,47,5.0
55,50,1.0
55,51,4.0
55,57,5.0
56,0,1.0
56,0,2.0
56,1,4.0
56,1,1.0
56,2,19.0
56,2,5.0
56,3,3.0
56,3,5.0
56,4,4.0
56,4,5.0
56,5,18.0
56,5,3.0
56,6,20.0
56,6,4.0
56,7,4.0
56,7,1.0
56,8,7.0
56,8,4.0
56,10,12.0
56,10,5.0
56,11,3.0
56,11,2.0
56,13,5.0
56,13,3.0
56,14,4.0
56,14,3.0
56,15,11.0
56,15,4.0
56,16,11.0
56,16,3.0
56,18,1.0
56,18,2.0
56,19,23.0
56,19,5.0
56,20,2.0
56,20,3.0
56,21,3.0
56,21,2.0
56,22,3.0
56,22,2.0
56,23,1.0
56,23,1.0
56,24,5.0
56,24,1.0
56,25,2.0
56,25,1.0
56,26,6.0
56,26,4.0
56,28,10.0
56,28,5.0
56,29,10.0
56,29,5.0
56,30,3.0
56,30,1.0
56,32,3.0
56,32,3.0
56,33,3.0
56,33,2.0
56,34,6.0
56,34,5.0
56,35,1.0
56,35,5.0
56,36,3.0
56,36,1.0
56,37,4.0
56,37,2.0
56,38,2.0
56,38,3.0
56,39,2.0
56,39,2.0
56,40,1.0
56,40,1.0
56,41,3.0
56,41,3.0
56,43,3.0
56,43,3.0
56,44,1.0
56,44,4.0
56,45,4.0
56,45,2.0
56,46,6.0
56,46,5.0
56,47,2.0
56,47,1.0
56,48,3.0
56,48,3.0
56,52,4.0
56,52,3.0
56,53,10.0
56,53,3.0
56,54,7.0
56,54,1.0
56,55,12.0
56,55,5.0
56,57,1.0
56,57,5.0
56,56,0.4626
56,9,1.0
56,12,2.0
56,17,1.0
56,27,1.0
56,31,1.0
56,42,2.0
56,49,2.0
56,50,1.0
56,51,2.0
57,0,1.0
57,0,3.0
57,2,1.0
57,2,2.0
57,3,5.0
57,3,5.0
57,5,2.0
57,5,4.0
57,6,4.0
57,6,2.0
57,7,2.0
57,7,3.0
57,8,1.0
57,8,3.0
57,11,3.0
57,11,4.0
57,13,1.0
57,13,3.0
57,15,3.0
57,15,3.0
57,17,1.0
57,17,3.0
57,18,2.0
57,18,3.0
57,19,5.0
57,19,2.0
57,20,1.0
57,20,2.0
57,22,1.0
57,22,4.0
57,23,1.0
57,23,4.0
57,26,2.0
57,26,3.0
57,28,1.0
57,28,2.0
57,29,2.0
57,29,3.0
57,30,2.0
57,30,3.0
57,31,1.0
57,31,2.0
57,33,6.0
57,33,5.0
57,34,2.0
57,34,3.0
57,35,1.0
57,35,2.0
57,37,2.0
57,37,2.0
57,40,2.0
57,40,4.0
57,41,1.0
57,41,2.0
57,45,1.0
57,45,2.0
57,46,1.0
57,46,2.0
57,48,1.0
57,48,5.0
57,49,3.0
57,49,4.0
57,52,3.0
57,52,3.0
57,54,1.0
57,54,3.0
57,56,1.0
57,56,3.0
57,57,0.6695
57,1,2.0
57,4,2.0
57,9,3.0
57,10,3.0
57,12,1.0
57,14,3.0
57,16,2.0
57,21,2.0
57,24,2.0
57,25,2.0
57,27,1.0
57,32,2.0
57,36,2.0
57,38,2.0
57,39,2.0
57,42,2.0
57,43,2.0
57,44,2.0
57,47,2.0
57,50,1.0
57,51,3.0
57,53,3.0
57,55,3.0
58,59
60,57
