1,0,42.0
3,2
3,496
3,517
3,583
3,792
3,1090
3,1300
3,1077
3,1301
5,4,154.0
7,6,765.0
8,207,777.0
9,8,360.0
11,10,181.0
13,12,1181.0
14,669,539.0
15,14,107.0
16,1053
17,16,75.0
19,18,267.0
21,20,147.0
23,22
24,1066
25,24,1652.0
26,55
27,26
29,28,1435.0
31,30,128.0
33,32,723.0
34,91,281.0
35,34
37,36
39,38,1829.0
41,40,160.0
43,42,1353.0
45,44,280.0
46,739,1640.0
47,46
48,1525
49,48,1701.0
51,50,305.0
53,52,211.0
55,54,133.0
57,56
59,58,477.0
60,183,575.0
61,60
62,1464
63,62
65,64,841.0
66,1304
67,66,385.0
69,68
71,70,869.0
73,72,1025.0
74,245
76,75,834.0
78,77,507.0
80,79,1229.0
82,81,555.0
84,83
86,85,443.0
88,87,1290.0
90,89,1254.0
93,92
95,94,185.0
96,689,1214.0
97,96,339.0
99,98,138.0
101,100,1587.0
103,102,350.0
104,1735
105,104,559.0
106,687
108,107,1869.0
110,109,1222.0
111,19
112,111
113,158,1656.0
114,113,1420.0
115,113
116,1239,1566.0
118,117,252.0
120,119,753.0
121,25,911.0
122,121
123,224,260.0
124,123
125,138
126,125,140.0
127,498
129,128,275.0
131,130,194.0
133,1229,1690.0
134,133
136,135,657.0
139,138
141,140,1625.0
143,142,259.0
145,144,1413.0
146,354,1642.0
148,147,249.0
150,149
152,151,207.0
155,154,521.0
157,156
159,1109
161,160,658.0
163,162,180.0
165,164,330.0
166,1014,1743.0
167,1441
168,167,1578.0
170,169,747.0
172,171,465.0
174,173,282.0
176,175,567.0
178,177,627.0
182,181,1532.0
184,1609
185,206,1240.0
186,185
187,768
188,187,1044.0
190,189,576.0
192,191,815.0
194,663,1470.0
195,194,237.0
197,196,1152.0
198,736
199,198,1045.0
201,200,1219.0
203,202
204,202
206,205,232.0
208,460
209,208
209,213
209,380
209,433
209,528
209,470
209,546
209,1269
209,1160
209,1256
209,821
209,1675
209,271
212,211,420.0
213,1464,1530.0
215,214,378.0
217,216,728.0
219,218
221,220,1221.0
223,222,1436.0
226,225
228,227,130.0
229,268
230,229
232,702,1037.0
233,232
235,234,253.0
238,237,410.0
240,239,643.0
241,17,579.0
243,242
245,244
246,972,1043.0
247,246,977.0
249,233
251,250,1487.0
254,1183,1233.0
255,254,484.0
257,256,554.0
258,374,809.0
261,260
262,260
263,544,646.0
264,557
265,264
270,381
271,270
273,272
275,7
276,7
278,277,289.0
283,282
285,284,1385.0
287,286,751.0
290,289
292,291,540.0
294,293
296,295
298,297
301,300
303,302
306,305
308,307,604.0
309,307,1770.0
311,310,1071.0
313,312,517.0
314,1061,1151.0
315,314
317,316
319,318
320,1471
321,320,1085.0
323,322
325,324,433.0
326,324,1249.0
327,1848
328,235
331,330,931.0
333,332,1862.0
337,336,279.0
339,333
341,340,599.0
342,67
343,507
344,343
346,345
347,385,649.0
348,347
350,957
351,350,6.0
353,352
356,355,464.0
358,357,393.0
362,361,741.0
363,348
364,363,83.0
366,365,788.0
369,368
371,370,618.0
373,372,1091.0
376,375,451.0
379,378,1113.0
380,195,1565.0
381,1217
383,382,782.0
387,386,886.0
389,388,893.0
391,390
394,393,1442.0
395,326
396,395
398,397
400,399,971.0
402,401,759.0
404,403,592.0
406,405,487.0
408,407
412,411,650.0
414,413,963.0
416,415,896.0
418,417,1580.0
419,255
421,420,499.0
422,559,1584.0
424,423,536.0
426,425,899.0
427,475,1623.0
428,427
431,430
435,434,708.0
437,1130,1289.0
438,437
441,440,1648.0
444,876
445,444,241.0
447,446,1100.0
448,538
449,448
452,1807
453,452,524.0
454,1106
455,454
457,456
459,86
460,317,501.0
462,461,475.0
467,466
470,469,700.0
473,472
478,477
479,760
480,479
483,711,481.0
485,484,718.0
488,746
489,488
491,490,1736.0
493,671
494,493
495,493
499,502,508.0
501,500,1402.0
508,507,1003.0
513,512,914.0
514,1422
516,791,551.0
517,131
520,379,921.0
522,521,1200.0
527,526
528,631,1355.0
530,529,1241.0
532,531,585.0
533,1134,1517.0
536,535,581.0
538,494
540,539,1014.0
543,542,1241.0
546,545,6.0
548,547,960.0
549,101,1785.0
551,550
552,827,1002.0
553,632,866.0
554,553
555,553
557,301,774.0
558,285
560,1148,1778.0
561,560,1187.0
563,562
566,565
568,567
571,570
575,574
576,371,1848.0
577,371,229.0
578,1262,1466.0
581,580
585,584
587,586
590,589,859.0
591,23
593,592,603.0
594,145
598,597,1638.0
599,944,1028.0
601,858
602,601
604,603
609,608
610,276
611,1139,1182.0
613,170
616,615
617,1168
618,617,578.0
619,1079
620,1836
621,620
622,620
624,369
626,625
627,1654
628,627
630,629
631,39,680.0
633,632,866.0
634,777,392.0
635,634,1546.0
637,636,1474.0
638,658
639,1044
641,640
643,1103
644,643,1132.0
645,922,1500.0
646,1416
647,987
648,647
649,1612,1772.0
650,649
652,651
655,1375
656,655
657,655
658,924,1292.0
659,895
660,659
662,661
665,664,602.0
667,666,1607.0
668,666,1607.0
670,161
671,670
673,672,1137.0
675,674
676,780,1390.0
678,677
681,680,782.0
687,686,771.0
689,688,1661.0
694,693,904.0
695,57
697,168,377.0
699,9
702,701
706,705,1274.0
709,708
712,1004,1015.0
714,713,719.0
719,718,974.0
720,842,1072.0
723,722,1245.0
726,725,892.0
728,727,1783.0
729,275
732,126
733,1113
735,734
736,1555
742,741,1534.0
745,744,1098.0
747,1768
749,748
750,1031
751,750
754,753
759,758,1101.0
764,763
766,765
770,769
772,771,1055.0
775,774
779,841,1432.0
785,1846
786,785
787,1290
789,788,934.0
791,938,1599.0
792,27
795,794,848.0
797,796
799,798,1110.0
800,37,1450.0
802,801,942.0
803,337
806,805,872.0
807,495
809,808,1656.0
813,812
815,814
819,818
821,820,946.0
823,822,1246.0
825,396
827,1166
829,949,1367.0
830,918
832,831,153.0
834,833
840,839,1780.0
845,844,967.0
847,846,530.0
849,1119,189.0
850,849
851,462
853,1106
856,855,885.0
862,1278
863,862,1459.0
866,865
868,435
870,869,1103.0
871,1282,1482.0
873,31
874,412
875,874
876,406
879,426
883,882,1844.0
886,319,1340.0
889,1211
893,892
895,1658
896,389
898,897
900,408
906,905
912,911
913,221
914,913
915,914
916,1081
917,678
918,917
921,920
926,925
927,1687
932,931
934,590
936,988,1250.0
940,939
941,1465,419.0
942,941
943,723,1173.0
946,945
948,947
950,751
951,950
954,953
957,1093,1169.0
961,960,1761.0
964,963,1130.0
965,1424,951.0
966,965,1266.0
968,967
970,80
977,976,1379.0
984,983
985,1072,1602.0
987,986,1364.0
990,989
994,993
995,1359
997,996
998,948
999,648,1090.0
1000,648
1006,1005
1012,1011,1073.0
1017,1016
1026,1401
1027,1696
1029,1028,1022.0
1031,1030
1032,165
1033,851
1034,1033
1035,29,1620.0
1036,356
1037,356
1039,1247,1734.0
1043,1042
1044,1218,1714.0
1045,1044
1047,1046
1048,1708
1052,1051
1054,1084
1059,1058,1451.0
1060,97
1062,1061
1064,1063
1070,1069
1075,1074,314.0
1077,1076,1005.0
1079,1212
1080,1399
1085,1084
1088,1600
1089,1088
1092,1091,1321.0
1098,1097
1100,1099,1521.0
1102,863
1108,742,1196.0
1110,994
1111,1110
1114,174
1119,1118
1123,1122
1128,1127
1131,1367
1138,1137
1143,1142
1150,1149
1153,1152
1156,673
1158,900,1365.0
1159,968,1754.0
1160,1159
1162,644
1169,1263
1171,628
1173,1172
1178,1177,1391.0
1181,1251,1305.0
1182,1181
1188,1187,262.0
1196,1195
1198,1197
1204,1203
1205,1293
1206,1400
1212,1211
1214,1213
1217,1563
1220,1219
1222,1221
1230,65
1231,265
1238,1237
1245,59,1449.0
1250,1249
1251,1204
1252,404
1254,1253
1256,807
1258,1257
1265,1264
1267,1266
1269,212
1272,1271
1274,1273
1277,1276,1467.0
1287,122
1296,1295
1297,1693
1299,182,1675.0
1301,190
1307,1306,1457.0
1312,1311,1359.0
1316,1315,1686.0
1318,1317
1321,1320
1325,1324,1585.0
1326,803
1328,1487
1329,1328
1332,1331
1335,1334
1342,1341
1348,1377
1349,540
1353,1325
1369,1368
1375,802
1382,1641
1386,178
1390,1389
1393,1392
1396,53
1399,1516
1403,1402
1405,306
1408,1791
1410,1409
1411,1409,1314.0
1413,1412
1418,1417
1432,954
1434,1433
1437,1436
1440,921
1447,449
1453,1793
1454,1453
1485,1484
1495,1494
1500,1499,1841.0
1501,341
1503,1502
1507,243
1511,1652
1512,1511
1521,1520
1530,1656
1532,1531
1536,1535
1542,1541
1543,1770
1544,1644
1545,1544
1554,1100
1559,1536
1563,1231
1565,1564
1567,1566
1574,1573
1579,1326
1580,513
1583,641
1590,1703
1592,1591
1600,1599
1602,1601
1606,1605
1607,1803,1852.0
1619,400
1629,1628
1630,1114
1651,88
1655,364
1659,1658
1662,1661
1670,795
1671,795
1672,344
1680,1332
1686,832
1690,1689
1691,970
1695,199
1709,1708
1710,215
1712,637
1720,1719
1733,323
1740,1739,1573.0
1749,1748
1751,1750
1766,1765
1775,1440
1783,1847
1784,1783
1786,416
1790,1789
1800,1799
1802,1521
1809,1808
1816,1815
1817,1815
1825,1060
1828,424
1858,1857
