1,10,24.0
1,9,21.0
1,6,14.0
1,3,16.0
1,4,12.0
1,4,170.0
1,1,91.0
1,1,72.0
1,1,76.0
1,1,64.0
1,1,97.0
1,1,208.0
1,1,211.0
1,1,658.0
1,1,686.0
1,1,676.0
1,1,872.0
1,1,1390.0
1,1
1,1,6911.0
1,1,7033.0
1,1,8010.0
1,1,7949.0
1,21,39.0
1,36,60.0
1,44,112.0
1,44,102.0
1,93,149.0
1,147,230.0
1,82,201.0
1,186,292.0
1,151,239.0
1,183,292.0
1,134,411.0
1,116,384.0
1,118,481.0
1,367
1,367,692.0
1,331,569.0
1,364,686.0
1,351,681.0
1,381,774.0
1,491,818.0
1,412,764.0
1,154,842.0
1,515,944.0
1,13,1139.0
1,593,1082.0
1,817,1522.0
1,432,1733.0
1,809,1983.0
1,928,2386.0
1,1318,3994.0
1,1507,3484.0
1,1773,2900.0
1,1895,3087.0
1,2322,3807.0
1,2272,3497.0
1,237,3495.0
1,3341
1,2397,3674.0
1,2853,4480.0
1,4607,8042.0
1,3346
1,3005,5330.0
1,3205,5689.0
1,1457,5088.0
1,5441,8197.0
1,4062,6071.0
1,3228
1,4314,7004.0
1,3913,6931.0
1,4741
1,4957,7527.0
1,4795,7134.0
1,5345
1,2199,8235.0
1,415,7343.0
1,4806
1,2108,7444.0
1,2108,7560.0
1,5313
1,5075,7562.0
1,5084,7649.0
1,5266
1,5551,8162.0
2,1,20.0
2,29,132.0
2,2,480.0
2,2,475.0
2,2,447.0
2,2
2,5080
3,20,35.0
4,1,64.0
4,1,35.0
4,4,146.0
4,4,146.0
4,174,377.0
4,367,819.0
4,740,1307.0
6,22,38.0
6,22
7,40
8,8,90.0
8,40,82.0
8,1,61.0
9,20,36.0
10,11,24.0
10,134,520.0
10,154,965.0
10,310,1024.0
10,1,979.0
10,982,1605.0
10,979,2036.0
11,1,48.0
11,755
12,19
13,1,72.0
13,13,209.0
13,131,289.0
13,134,618.0
13,1128,2062.0
13,1170,1978.0
13,3356,7292.0
14,4,103.0
14,4,146.0
15,18,42.0
15,128,501.0
16,46,102.0
16,4,146.0
17,1,73.0
17,147,280.0
19,295,567.0
20,63
20,1,64.0
20,612
20,838
20,169,1712.0
21,40,102.0
22,38
23,2,158.0
24,4,103.0
24,24,523.0
24,24,293.0
24,1165,2566.0
24,791,1740.0
24,1,7127.0
25,1,64.0
26,63,146.0
27,37,148.0
29,40,69.0
29,1,102.0
29,1,64.0
29,1,211.0
29,4,108.0
29,63,151.0
29,68,240.0
29,29,337.0
29,29,563.0
29,29,7545.0
29,79,397.0
29,134,407.0
29,134,407.0
29,118
29,2877,4519.0
31,20,58.0
31,581,1180.0
32,1,102.0
34,1,102.0
34,138,218.0
36,45,102.0
36,134,686.0
36,1556,4012.0
37,37,391.0
37,37,514.0
37,107,514.0
40,4
41,45,94.0
42,64,102.0
44,4,130.0
44,1,189.0
44,82,171.0
44,140,350.0
44,134,396.0
45,4,102.0
45,45
45,5071,8572.0
46,63,102.0
47,1,146.0
48,4,107.0
49,126
50,4
51,134,563.0
51,2138
52,67,149.0
52,134,394.0
53,51,89.0
54,4,211.0
54,44,112.0
54,68,219.0
54,54,560.0
54,337,579.0
54,355,818.0
54,310,1285.0
54,619,1248.0
54,1319,2475.0
54,1719,2934.0
54,1872,2994.0
54,2204
56,4,163.0
56,1,189.0
56,149,377.0
57,4,146.0
57,57,292.0
57,57,1132.0
57,134,563.0
57,118,972.0
59,117,336.0
62,93,298.0
62,135,291.0
63,20,146.0
63,128,211.0
63,79,386.0
63,118,563.0
63,2100,3292.0
63,2903,7238.0
63,3657,5621.0
64,63,211.0
65,93
66,133,282.0
66,66,778.0
66,186,818.0
66,1,979.0
67,97
68,68,500.0
68,79,501.0
68,1123,3101.0
69,351
70,68,269.0
72,94
72,3800,6569.0
73,63,151.0
75,4,171.0
75,1,628.0
75,75,724.0
75,438,971.0
76,63,211.0
76,68
77,122,206.0
79,63,211.0
79,175,563.0
81,484
82,77,951.0
82,68,240.0
82,79,326.0
82,154,862.0
83,68
86,1105,2015.0
87,3683
88,136,298.0
88,444
89,136,528.0
92,337,1256.0
94,37,392.0
94,79
94,1158
96,243,1176.0
97,110,816.0
98,97
99,140,340.0
100,310
101,104,382.0
104,286
106,175,576.0
107,107,292.0
107,107,211.0
107,107,580.0
108,149,266.0
108,154,830.0
109,1315
109,1315,2993.0
109,109,316.0
109,109,319.0
109,109,602.0
109,109,599.0
109,109,413.0
109,109,495.0
109,109,416.0
109,109,480.0
109,109,602.0
109,109,701.0
109,109
109,188,301.0
109,118,684.0
109,118
109,118,495.0
109,529,979.0
109,1009,1947.0
110,97,204.0
110,262,487.0
110,134,436.0
110,134,410.0
110,1,1355.0
110,13,966.0
110,10,1386.0
110,110,4934.0
110,110,5520.0
110,110,6804.0
110,110,6804.0
110,110,8400.0
110,2199
110,507,8107.0
111,13,250.0
111,134,470.0
112,1,211.0
112,1,1596.0
112,118,520.0
113,106,241.0
113,134,515.0
113,195,393.0
113,154,1374.0
113,2377
114,68,421.0
114,113,310.0
114,565,1365.0
114,1293,2112.0
115,115,211.0
117,117,336.0
117,187,302.0
118,107,185.0
118,1,184.0
118,4,686.0
118,443,818.0
120,107
120,5445
123,402,697.0
125,168,535.0
127,742,1717.0
127,127
128,128,546.0
128,134,474.0
128,471,1033.0
128,1371,2265.0
130,130
130,545,1716.0
131,188,301.0
133,181,293.0
134,118,563.0
134,118,579.0
136,136,396.0
136,694,4127.0
137,136,291.0
138,63,436.0
138,138,290.0
138,154,910.0
139,139,645.0
139,139,1666.0
139,139,7641.0
139,118,582.0
139,535,1264.0
139,689,1236.0
139,1182,2058.0
139,1504,2803.0
141,367,887.0
141,310,1095.0
142,1,292.0
144,337,734.0
145,348
146,1,292.0
147,111,292.0
147,188,301.0
147,595,2328.0
148,113,377.0
149,179,292.0
149,37,393.0
149,333,813.0
149,310
149,237,1486.0
149,237,1490.0
149,1092,1791.0
149,1542,2711.0
149,5370,8494.0
150,79
151,175,292.0
151,412,721.0
153,79,294.0
153,134,1255.0
154,79,818.0
154,331,682.0
154,154,1113.0
154,154,1599.0
154,154,1808.0
154,310,1180.0
154,901,1732.0
154,1721,2783.0
154,2893,4631.0
154,1,6957.0
155,79,356.0
155,118,1008.0
156,79
157,79,351.0
158,79,384.0
159,223,396.0
163,163,470.0
163,163
163,163,1608.0
163,163
163,163
163,118,553.0
163,3466
164,128,283.0
165,1,287.0
165,107,393.0
165,195,309.0
165,186,740.0
165,1159,1899.0
165,165,2977.0
165,1374,3800.0
166,79
166,186,628.0
166,367,739.0
167,461
169,138,292.0
169,242,515.0
169,118,563.0
169,265,975.0
169,169,1261.0
170,79,432.0
170,118,901.0
171,79,338.0
172,79
175,3965,6653.0
175,367,686.0
175,175,683.0
176,79,449.0
176,118,516.0
176,364,686.0
176,367,686.0
176,1093,2017.0
177,134,396.0
178,151,553.0
179,302,512.0
180,574
181,181
182,134,491.0
183,183,586.0
184,707,1180.0
185,234,8689.0
186,195,307.0
186,118,495.0
186,200,574.0
186,200,1039.0
186,367,700.0
186,66,807.0
186,310,1250.0
188,181
190,190,7671.0
190,1320,3132.0
192,202,2926.0
193,576,6464.0
194,134,867.0
195,200,393.0
196,134,529.0
196,345,579.0
196,1226,2118.0
197,134,532.0
197,134,441.0
197,414,1237.0
197,197,1778.0
197,197,2655.0
197,1674,2702.0
198,558
199,134,394.0
199,118,514.0
199,199,480.0
199,367,689.0
199,252,792.0
200,200,393.0
200,200,595.0
200,200,602.0
200,200,595.0
200,200,1227.0
200,118,558.0
200,186,480.0
200,186,678.0
200,186,979.0
200,186,965.0
200,195,556.0
200,483,917.0
200,1022,2053.0
200,1315,2250.0
200,1670,2865.0
200,13,3047.0
201,134,394.0
202,202,412.0
202,253,417.0
203,134,563.0
204,134,1725.0
204,877,2460.0
205,37,393.0
205,1,686.0
205,643,1534.0
205,850,1682.0
205,975,2503.0
205,265,2274.0
205,4083,6122.0
205,4502,7155.0
207,63,438.0
207,751,1384.0
209,134,394.0
210,134,554.0
211,134,481.0
212,134,394.0
213,134,1043.0
213,623,3948.0
215,416,690.0
215,416,690.0
215,495,818.0
215,711,1264.0
215,679,1264.0
216,337,743.0
217,149,356.0
218,134,481.0
218,197,2385.0
220,221,436.0
221,335,583.0
222,262,537.0
223,29,509.0
224,370,1708.0
225,406
226,1916
227,165,377.0
228,200,393.0
230,134,512.0
230,154,979.0
230,230,1187.0
230,230,1187.0
230,139,1641.0
230,1091,1776.0
230,1374,3773.0
230,2649,4434.0
231,134
233,233,491.0
233,827
233,458,812.0
233,674,1148.0
235,1,800.0
235,1008
236,151
239,1008
240,118
241,175,472.0
241,625,2030.0
242,181
246,596,1386.0
248,118,515.0
249,291,532.0
250,118,675.0
250,250,876.0
250,580,1236.0
250,1196,7156.0
250,1374,3787.0
251,118,1008.0
252,118,1707.0
252,10,948.0
252,310,1365.0
252,979,2620.0
253,253,481.0
253,592,1401.0
254,118,822.0
255,266,480.0
256,118,626.0
257,118,1709.0
258,118,756.0
259,118,508.0
259,154,1173.0
260,170,480.0
261,118,563.0
262,118,529.0
262,589,1000.0
262,768,3818.0
264,197,417.0
265,265,480.0
265,265,978.0
265,118,532.0
265,367,726.0
265,54,1035.0
265,321,1706.0
265,1207,2273.0
265,1030,3030.0
265,3040,4537.0
266,118,641.0
267,118,1237.0
271,118,520.0
271,351,900.0
271,271,1159.0
271,1829
272,118,481.0
272,127,4741.0
272,539,2060.0
272,1494,2585.0
276,338
277,880,2400.0
278,1007
279,118,484.0
279,439,828.0
279,637,1142.0
279,1939,3131.0
280,175,472.0
282,246,402.0
284,563,1182.0
289,337,2446.0
290,336
291,291,836.0
291,3073,5165.0
291,205,1078.0
292,2,549.0
292,679,1386.0
292,1848,3149.0
293,494,2460.0
294,197
295,491,843.0
296,861
297,169,2978.0
298,298
298,386
299,367
300,195,1899.0
300,10,1406.0
303,511,992.0
303,233,1022.0
303,790,2602.0
304,304,635.0
305,305,576.0
305,355,1134.0
306,367,992.0
309,365,1062.0
309,489
310,311,577.0
310,347,1284.0
310,752,1285.0
310,310,1595.0
310,310
310,959,2878.0
310,3222,4860.0
311,310,577.0
313,341,577.0
313,2306,3554.0
316,335,588.0
318,1007,1758.0
319,359,1501.0
320,755,1758.0
321,979,1956.0
321,3552
322,375,686.0
322,374,979.0
322,777,1330.0
322,1022,1705.0
322,2477,3786.0
322,4166,6356.0
322,5715
323,568,1258.0
325,685,1395.0
326,374,640.0
326,367,777.0
326,447,1659.0
326,447,3786.0
326,555,2745.0
328,367,975.0
328,723,1717.0
328,3962
329,986
329,332,2917.0
331,5291
332,331,558.0
332,1887,3190.0
333,403,682.0
333,1,976.0
333,768,1899.0
334,367,845.0
334,334,1284.0
334,334,1178.0
334,347,1875.0
334,1471
335,335,685.0
336,1169,2456.0
337,184
338,834,2323.0
339,340,668.0
340,339,848.0
341,791,1408.0
342,487,851.0
342,342,1174.0
342,637,1120.0
342,433,1400.0
343,200
345,367,818.0
345,310,1217.0
345,3713,5676.0
347,347,1875.0
347,347,2918.0
347,347,3500.0
347,3890,6023.0
348,2220,7140.0
349,370,966.0
350,350,8689.0
350,1007,4985.0
351,351,811.0
351,540,1429.0
352,352,857.0
352,352,857.0
354,310
355,184,848.0
356,356,3562.0
356,20,1476.0
356,1987,3407.0
357,487,811.0
359,359
359,359,1225.0
360,184,959.0
361,109,979.0
361,361,1954.0
364,1,732.0
364,154,913.0
365,1,613.0
365,1,614.0
365,154,1113.0
365,923,1519.0
365,480
365,1210,2012.0
365,1319,2996.0
365,2247,3656.0
366,184,874.0
366,3423
367,1,683.0
367,154,979.0
367,5646
367,5646
368,1,802.0
368,835,1400.0
368,1722,4478.0
369,686
370,416,690.0
370,870,1678.0
370,870,1910.0
371,1023
374,367,705.0
374,374,894.0
374,374,970.0
374,374,939.0
374,374,1415.0
374,374,1176.0
374,374,1642.0
374,374
374,374
374,374,2102.0
374,794
374,577,1246.0
374,1194,2102.0
375,367,818.0
377,534,975.0
378,416,975.0
378,445,1533.0
379,1172,6964.0
380,367,818.0
381,154,886.0
381,423,1069.0
381,205,2127.0
382,370,685.0
382,169,1717.0
383,385,742.0
384,416,693.0
385,367,979.0
385,154,1295.0
385,310,1278.0
386,386,754.0
386,386,900.0
386,386,900.0
386,386,928.0
386,386,1916.0
386,386,1561.0
386,386
386,386
386,386
386,386
386,386
386,1138,1916.0
387,344,1182.0
390,416
391,367,752.0
391,1,913.0
391,865,1479.0
391,1308,2335.0
391,391,2623.0
391,2511
391,1954,3173.0
391,1512,5288.0
391,1374,3499.0
391,265,4272.0
391,3396
393,184,957.0
393,393,1659.0
393,374,1941.0
394,351,759.0
394,1638
395,673
396,20
399,611
400,116,1113.0
401,310
401,778,1342.0
401,809,1363.0
401,1004,1838.0
401,1220,2855.0
401,1905,3101.0
401,3595,6266.0
402,1892,4780.0
403,483,828.0
403,1112,1831.0
403,4802
405,367,818.0
405,310,1293.0
405,10,1868.0
408,2111
412,1413,6917.0
412,237
413,127
414,500
415,4802
415,1875,2978.0
416,599,1142.0
417,2631,4578.0
417,615,1058.0
418,154,975.0
419,462,816.0
420,580,1005.0
422,906
423,759,1428.0
426,426
426,374,4584.0
426,447,5513.0
429,474,818.0
429,605,1337.0
429,811,1516.0
430,430,1200.0
430,430,1639.0
430,849,1844.0
431,31,859.0
432,835
432,432,1486.0
432,432,1485.0
432,432,3071.0
432,432,4532.0
432,1,1747.0
432,1270,2228.0
432,1270,2799.0
432,2651,4080.0
432,3678,7303.0
433,342,932.0
435,3937,6505.0
435,382,1215.0
435,272,2585.0
436,233,822.0
436,436,1293.0
436,436,1641.0
436,436,2221.0
436,436,3192.0
436,436,4262.0
436,852,2662.0
436,1009,1662.0
436,979,1997.0
436,979,1938.0
436,1305,2221.0
436,1718,2777.0
436,1257,2437.0
436,1414,3302.0
436,265,4527.0
437,502,871.0
438,75,971.0
440,440
440,310,5487.0
441,139,1153.0
441,916,2029.0
442,442
443,118,818.0
443,1480,3862.0
443,6001
444,1495,2869.0
445,445,1337.0
445,445,1266.0
445,445,1337.0
445,864,1533.0
445,1095,2003.0
447,471,842.0
447,447,2032.0
447,447,2045.0
447,447,3031.0
447,447,4796.0
447,326,2245.0
447,1257,3500.0
447,3213,5064.0
447,3800,5678.0
447,4256,6382.0
448,291,961.0
448,725,1795.0
448,1374,3549.0
449,367,739.0
449,367,739.0
449,1295,2134.0
450,154,975.0
451,1,1210.0
454,914
455,580
456,1573,3604.0
458,233
458,507,2291.0
458,458,2605.0
458,458,3956.0
458,1769,2860.0
461,184
461,45
462,485,816.0
462,539,1666.0
463,495,865.0
464,495,818.0
465,127
466,620,1429.0
468,469
469,2427
471,154,842.0
471,471,1176.0
473,37,725.0
474,474,903.0
474,54,979.0
474,169,1227.0
474,3823
475,412,725.0
475,2832,4262.0
476,502,865.0
477,10,817.0
477,1451,2618.0
478,481,947.0
478,2225,3666.0
479,480,818.0
479,10,1431.0
479,1150,1869.0
480,10,818.0
480,10,1641.0
480,310,1129.0
480,480,1641.0
480,480,1370.0
480,839,1651.0
480,1542
480,1009,1858.0
480,1263,3112.0
480,1037,3156.0
481,200,847.0
481,154,1688.0
482,2624
483,20,1186.0
483,695,1405.0
483,498,2591.0
485,495,820.0
485,541,917.0
485,697
487,325,2212.0
489,489,1899.0
489,1306,2205.0
490,382,1142.0
490,679,1684.0
491,609,1120.0
491,1,1152.0
492,653,3415.0
493,609,1024.0
493,604
494,1169,3233.0
496,859
497,496,1637.0
498,1658
498,2066,3360.0
498,498,3712.0
499,713,1387.0
501,334,976.0
501,1819
502,541,917.0
502,495,917.0
503,205,1446.0
504,580,1055.0
504,822,2494.0
505,726,1814.0
506,506,1374.0
506,566,1366.0
507,593,1011.0
507,507,909.0
507,507,1169.0
507,507,1660.0
507,507,1739.0
507,507
507,507,7508.0
507,507
507,507
507,507,8113.0
507,688,1169.0
507,702,1207.0
507,770,1300.0
507,833,1644.0
507,1302,2128.0
507,1199,2138.0
507,1597,2601.0
507,3461,5306.0
507,985,7423.0
507,3724
507,4599,6916.0
507,1
507,4448,7239.0
507,5156,7799.0
507,5386
508,508,1453.0
508,508
508,1419
510,471,971.0
510,510,2658.0
510,1697,3797.0
511,511,1174.0
511,1021
512,20,1242.0
513,54,1103.0
513,356,850.0
514,1159,2424.0
516,581,978.0
517,54,1035.0
517,1738,3499.0
520,520,1587.0
520,2725,5298.0
522,758,1526.0
523,485,1812.0
524,852
524,483,2395.0
525,558
525,3499,5957.0
526,435,907.0
527,116,976.0
527,1178,2061.0
527,2066,3657.0
528,631,1241.0
529,310,1279.0
530,580,1281.0
530,852,1493.0
531,585,993.0
531,580,1045.0
531,2060,3217.0
533,310,1095.0
533,447,1705.0
534,580
534,695,1415.0
534,534,2677.0
534,534,1717.0
535,310,1295.0
535,840,1814.0
539,539,1332.0
539,870,1553.0
539,870,1553.0
539,1254,3940.0
539,1960
539,2483
539,2488,8437.0
540,574,1355.0
541,699,1166.0
543,679
544,5807
545,2485
545,3214
546,310,1773.0
547,726,1287.0
547,840,1412.0
548,580,978.0
548,86,1447.0
549,593,1025.0
551,310
551,947,3450.0
552,698,1236.0
555,10,979.0
555,555,3031.0
555,555,2251.0
555,1931,3944.0
555,3109
556,485,1814.0
557,310,1016.0
557,713,1387.0
557,2159,3907.0
557,1270,3226.0
558,558,1848.0
558,558,2771.0
558,1376
558,1450,2396.0
559,559,1999.0
559,761,2758.0
559,975,3195.0
560,523,1060.0
563,728
564,515
564,3811,8681.0
565,10,846.0
565,300,1131.0
565,334,1682.0
565,1658
565,436,2879.0
566,310,1039.0
566,566,1641.0
566,566,1507.0
566,566,2777.0
566,566,7502.0
566,566,7906.0
566,1287,2107.0
566,436,2822.0
566,165,6327.0
566,5320
569,466,1872.0
570,1587
571,20,1354.0
574,688
575,947
579,706,1178.0
580,374,1177.0
581,1353
583,520
585,726,1475.0
587,679,1184.0
588,588,2902.0
588,1843,3164.0
589,852,1424.0
589,1494,2585.0
589,2063,4907.0
589,5053
592,1477,2523.0
593,688,1169.0
593,1319,2146.0
593,1316,2286.0
593,593,2287.0
593,593,2286.0
594,594,1463.0
594,594,2142.0
594,888,3014.0
594,1126,2142.0
594,1599,2804.0
595,852,1788.0
595,200,3289.0
595,595,2473.0
595,2649,4146.0
596,2109,6617.0
597,163
598,598,1142.0
598,1046,2419.0
599,1009,1649.0
600,842,1759.0
602,3570
603,603,1533.0
603,1178,2127.0
607,539,1553.0
608,706
609,706,1217.0
609,1342,2264.0
609,1191,2068.0
610,706,1312.0
611,744,1856.0
613,2601
615,865,4859.0
616,169,1245.0
617,393,1659.0
619,752,1284.0
619,979,2031.0
619,1930
620,620,1429.0
620,2527
624,860
625,241,1255.0
626,865,2075.0
628,1095,3074.0
630,652,2427.0
630,872,1464.0
630,1139,2161.0
631,86,1318.0
634,3212,4859.0
634,634,2478.0
634,1556,4012.0
634,4982,7455.0
635,2031
636,864,1458.0
637,637
638,310,1373.0
639,347,1187.0
640,776,1501.0
640,640
641,642,1519.0
642,925,2266.0
643,643,1534.0
643,381,2293.0
644,252,2632.0
645,940
646,647,1160.0
647,1350
651,732,1327.0
652,605,1109.0
652,652,1482.0
652,652,1831.0
652,652,1973.0
652,888,1482.0
652,1319,2607.0
653,10,1355.0
654,1323
655,3492
656,738,1355.0
657,845,1575.0
658,2503
659,3507
660,86
661,20,1643.0
662,1968
662,3935,6119.0
662,4349,6737.0
662,5260,7902.0
663,1776
664,979,2385.0
666,54,1285.0
667,2619
669,1079,1922.0
669,669,1756.0
669,127,2147.0
669,1313,2243.0
670,648,1152.0
670,1,7671.0
670,4818
671,2619
675,824
676,4452
678,975,2549.0
679,872,1831.0
680,3516
681,902,2214.0
682,3442,5509.0
684,928
687,1978
688,507,1852.0
689,689,2244.0
689,139,2244.0
690,690
690,2485
694,1197,2205.0
694,1357,4227.0
696,2167,5009.0
697,842,2403.0
698,1266,3650.0
699,843,2029.0
700,2827
702,1327
703,831,1450.0
703,1119,2288.0
704,507
704,1272
705,1468
707,1194,7080.0
708,507,1660.0
709,852
710,197,1664.0
710,1257,4014.0
711,694,2204.0
712,1019,1852.0
713,154,3663.0
714,1340,2346.0
715,909,1514.0
717,1033,2423.0
718,837,1408.0
719,1266
720,848,1444.0
721,721,1387.0
721,557,2992.0
722,850,1433.0
722,722,2616.0
722,1207,2468.0
722,1414,2777.0
723,723
725,1218,2922.0
725,3398
725,725,5040.0
726,539
727,737,1409.0
730,836
734,811,1396.0
734,1170,1930.0
734,734,2142.0
734,734,2056.0
734,2172,3366.0
734,768,4059.0
738,637,1389.0
744,1019,3168.0
744,1289
745,884,1777.0
746,898,1808.0
747,1123,4377.0
747,1603,3356.0
748,1133,6464.0
749,752,1831.0
750,1304,4112.0
751,751,1606.0
751,1022,1964.0
751,727,2921.0
752,753,1831.0
753,752,1521.0
753,952
754,1019,2143.0
755,1964
757,1036,1717.0
759,916,1510.0
759,975,2395.0
760,1293,2118.0
761,1093,1813.0
762,1271,2123.0
763,921,2058.0
763,3733
763,1994
765,945,1655.0
767,849,1464.0
768,1680,3595.0
768,1234,2346.0
768,1835,4202.0
768,2847,4277.0
769,474,2326.0
771,928
772,886,1947.0
774,489,2066.0
775,968,3865.0
777,218,1858.0
777,777,1569.0
777,777,2046.0
777,777,2804.0
777,777,5389.0
777,777,5182.0
777,777
777,1807,4249.0
777,1807,3642.0
777,3102,4796.0
777,4398,6646.0
778,886,1947.0
779,833,1657.0
780,831,1389.0
781,1144
782,1320
783,791,1559.0
783,2783
784,945
785,982,1762.0
785,1207,2781.0
785,1186
786,1353
790,1544,2602.0
791,1128,2321.0
791,791
792,1002
793,1269,2743.0
794,3552
795,643,1415.0
796,1022,1903.0
797,708,1644.0
797,1221,2224.0
797,1221,3264.0
798,798
798,798
798,1943
799,1173,2061.0
801,1019,1885.0
802,1658,5782.0
806,498
807,4642
807,2817,4238.0
807,2817,4244.0
807,2824,4526.0
807,2824,4610.0
807,3205,4890.0
807,3205,4890.0
807,3148,5271.0
807,3798,5689.0
807,3640,5675.0
807,3534,5677.0
809,817,1621.0
809,1218,3965.0
809,63,3262.0
809,2318,3567.0
809,2710,4088.0
809,2905,4484.0
809,2905,4342.0
809,809,5240.0
809,809,5932.0
809,809,4703.0
809,809,5844.0
809,809,5351.0
809,809,5987.0
809,809,7639.0
809,3150,4875.0
809,1912,5409.0
809,3483,7845.0
809,2902,5500.0
809,3981,7197.0
809,5884
810,1019,2143.0
811,835,1462.0
814,10,1641.0
815,669,1204.0
815,815,2704.0
815,815,3772.0
815,1123,3124.0
815,2067,3429.0
815,1879,4076.0
815,1587,5721.0
815,1448,5360.0
816,903,1622.0
817,863,1621.0
818,2618,4190.0
818,3309
819,637
820,852,1487.0
821,1009,1768.0
822,477,1707.0
822,1968,3155.0
823,823,1492.0
823,823,1890.0
824,824,7964.0
825,2989,4624.0
825,825,6179.0
825,825
825,4566,7786.0
829,497,2745.0
830,830,1638.0
830,830,1641.0
830,979,2272.0
831,507,1739.0
832,1246,2049.0
833,507,1657.0
837,1214
838,969
841,1418
843,1329
843,979,2148.0
843,1765,3039.0
844,1221,7305.0
845,1021,3425.0
847,498,3498.0
848,1021
849,1325,2181.0
854,197
858,1012,3401.0
860,1870
861,1197
862,862
865,1952,3942.0
866,1029,1947.0
868,1118,1899.0
868,979,2374.0
868,868,2501.0
868,557,2747.0
868,1966,3214.0
868,2888
870,870,1679.0
870,2928,4428.0
870,4565
871,116,5528.0
872,1454,3045.0
874,652,1482.0
874,2304,5322.0
874,1065,3474.0
875,1007,1934.0
875,2059
876,1364,2467.0
883,534,1456.0
884,884,1986.0
884,1238,2015.0
885,1266,2239.0
886,886
886,2408,5309.0
891,1612
892,1094,1984.0
893,831,2224.0
893,1310,2691.0
893,791,2198.0
895,1547
895,139
895,895
896,1544,2578.0
897,1022,1733.0
899,899,1659.0
899,1211
901,1064,1808.0
903,1022,1980.0
903,1378,2576.0
904,703,1952.0
905,1415,2805.0
908,1072,1743.0
908,1022,1705.0
908,2384,5016.0
908,2325,4805.0
909,1257,4012.0
911,911,3020.0
911,2485
911,3997,6808.0
911,3383,6190.0
912,912,1640.0
912,912
915,1655,5925.0
917,751
918,1188,2345.0
919,1118,1866.0
919,1399,2294.0
920,920,2264.0
920,1408
921,1592
922,1134,1840.0
923,4386,6564.0
924,444,2396.0
925,979,2137.0
926,1019,2050.0
928,3719
929,2485
930,3073,5615.0
933,1019,2143.0
934,1944,3823.0
935,1000,1641.0
937,1531
938,432,1905.0
938,1414
939,1064,2092.0
940,127,2066.0
941,1788
944,2502
950,1756
954,978
954,1800
959,959,1723.0
959,959
959,959,2044.0
959,2896
960,906,1661.0
963,2271,4141.0
964,5200
965,1257,2843.0
966,127,2838.0
966,1218,2316.0
966,646,3263.0
969,969
969,1657,2670.0
971,1238,2398.0
972,1843,2974.0
972,2619
973,973,3131.0
975,154,1582.0
975,975,2092.0
975,975,2132.0
975,205,2159.0
975,1480,2495.0
975,1865,3040.0
975,2149,3596.0
975,2339,3788.0
977,1008,1685.0
977,447,2470.0
978,954,1644.0
979,1009,1662.0
979,1329,2203.0
980,588,2902.0
981,981,2143.0
981,1165,2068.0
982,982,1731.0
982,982,1731.0
985,1019,4197.0
986,986,2070.0
987,987,2309.0
987,1456,3792.0
989,1090,1850.0
989,1388,2248.0
994,321
996,1297,2524.0
998,1018,2185.0
1000,982,1769.0
1000,1723,2761.0
1008,1008,2770.0
1008,1008,5564.0
1008,557,2728.0
1008,2064,3238.0
1010,1194,2207.0
1014,2121
1015,1236,2054.0
1015,1015,1965.0
1016,3209,5263.0
1017,1167
1018,1353,2314.0
1019,442,2128.0
1022,979,1903.0
1022,595,2408.0
1023,1270,4252.0
1024,1855
1025,1142,2200.0
1026,1515
1027,1214,2164.0
1027,2580
1028,2063
1029,1655,2986.0
1030,449,1938.0
1030,1030,2408.0
1030,1030,2998.0
1030,2096,3321.0
1031,1074,2487.0
1032,1045,2351.0
1032,1032,2868.0
1033,68
1034,979,2460.0
1037,1037
1037,1037,2159.0
1037,1037
1037,1797,2995.0
1037,447,3174.0
1037,2989,4461.0
1037,2531,5334.0
1039,1266,2113.0
1040,1266
1041,1266
1042,1328,2158.0
1043,1222,2080.0
1044,272,2396.0
1045,1045,2684.0
1045,1045,3578.0
1045,1045,3875.0
1045,1435,2855.0
1045,1865,2939.0
1045,2478,3788.0
1045,2486,3875.0
1046,1359,2204.0
1047,5222
1048,24,3726.0
1049,1022,1776.0
1049,1065,3384.0
1053,1414,3475.0
1054,200,2450.0
1054,200,2134.0
1054,54,2903.0
1054,1374,3475.0
1054,1054,3211.0
1054,2118,3303.0
1059,1542,4817.0
1060,200,1956.0
1060,200,1958.0
1061,1210,2475.0
1062,1402,3664.0
1063,1065,1975.0
1064,1335,2210.0
1064,1755,2995.0
1065,979,1969.0
1065,1177,2272.0
1065,1491,2410.0
1065,1491,3743.0
1065,1491,3474.0
1065,1065,2654.0
1065,1065,2755.0
1065,1065,3884.0
1065,2839,5354.0
1066,54,2142.0
1068,1258,3294.0
1070,1221,2088.0
1070,1453,2484.0
1071,1072,1743.0
1071,1617,3211.0
1071,3040,5742.0
1072,1072,3297.0
1072,1072,3970.0
1073,1496,2459.0
1074,1562,2497.0
1076,197
1077,1673,2699.0
1078,1079,2243.0
1079,1078,2243.0
1079,1708,4578.0
1080,1475
1081,1098,1899.0
1082,1082,2246.0
1082,1393,2379.0
1084,1394
1085,498,2465.0
1087,595,4512.0
1089,1578
1090,979,2003.0
1091,979,2231.0
1091,979,1903.0
1091,1426,2335.0
1091,2018,3786.0
1091,1207,2721.0
1091,777,4262.0
1092,979,1938.0
1092,1106,3662.0
1093,1635,2630.0
1093,2258
1094,498,2748.0
1094,2054,3741.0
1094,2197,3774.0
1095,527,4622.0
1096,1674,2702.0
1098,979,2019.0
1100,1404
1102,1510,5428.0
1103,1546,2585.0
1104,444,2397.0
1104,5692
1106,1315,2317.0
1106,1440
1106,1106
1107,979,2250.0
1107,165,2904.0
1107,2485,7034.0
1107,2826,4262.0
1108,1310,2311.0
1109,1389,4357.0
1111,1508
1111,1494,2585.0
1112,1183,2118.0
1113,1090,2567.0
1114,1254
1115,1170,1986.0
1115,1450,2421.0
1115,565,2353.0
1116,1361
1116,3446,5300.0
1118,1399,2517.0
1119,1289,2144.0
1119,2236,3980.0
1122,874
1123,128
1123,2067,3385.0
1123,2067,3477.0
1123,1123,3218.0
1123,2586,4013.0
1124,1124
1125,979,2736.0
1126,1126,5066.0
1126,777,5175.0
1126,5881
1127,1276
1133,1132
1134,652,2012.0
1134,1319,3775.0
1135,1021,1986.0
1136,1136,6937.0
1136,1136,3356.0
1136,1136
1136,1214,2097.0
1137,1220,2018.0
1138,1140,1996.0
1139,1139,2942.0
1139,1710,2889.0
1140,1037,2048.0
1141,595,2473.0
1144,1637,2602.0
1145,1221,2128.0
1146,1182,2200.0
1147,559,2075.0
1149,1287,2167.0
1150,1284,2110.0
1151,1469,2532.0
1152,480,2056.0
1153,1829,4407.0
1153,3800,6233.0
1156,1266,2395.0
1158,498
1170,520,4741.0
1172,2480
1173,2027
1177,1177
1178,474,2078.0
1179,250,3476.0
1180,1935
1181,1406,2396.0
1182,589,2380.0
1183,1676,3613.0
1185,1515
1187,1319,2188.0
1187,3888,5826.0
1188,444,2147.0
1189,1189
1192,1479,2413.0
1192,2419,3771.0
1192,3598,5575.0
1196,1607,2977.0
1196,2097,3471.0
1196,1,7279.0
1196,5408
1197,3969
1198,448
1198,1553,2500.0
1201,1540
1202,1512
1205,1060,2436.0
1206,2698,5684.0
1207,1207,2781.0
1207,265,4617.0
1207,265,3030.0
1207,1054,2865.0
1208,1414,2353.0
1209,1194
1210,1319,2146.0
1211,1729,2952.0
1212,1194,2612.0
1214,1447,2486.0
1215,1871,3037.0
1215,2391
1216,1216
1218,809,3142.0
1222,3760
1222,2547
1223,4530
1224,1706,3779.0
1226,1226,2436.0
1226,1263,2142.0
1226,1963
1227,1625
1228,1045,2778.0
1229,595,2515.0
1230,1319,2208.0
1230,1030,3475.0
1231,432,2519.0
1231,432,3547.0
1231,1231,3198.0
1231,1231,4264.0
1231,1231
1231,1903,3065.0
1231,1270,3501.0
1231,2839
1231,2839
1231,3678,5699.0
1231,4674,7597.0
1231,4484,6908.0
1232,1322
1234,1520,2492.0
1235,2077,3848.0
1236,1263,2090.0
1238,1239,2480.0
1239,1238,2480.0
1242,1243,4638.0
1243,1243,3092.0
1245,1245,3424.0
1245,1245,5275.0
1245,1245,3495.0
1246,1310,2601.0
1246,2236,3679.0
1246,4815
1246,1,7382.0
1246,1246
1246,1246,7760.0
1247,3270
1250,1250
1250,2057,6674.0
1251,1615,2811.0
1252,498,2524.0
1253,1594,6025.0
1254,1480,2395.0
1255,1495,2499.0
1256,3813,6464.0
1257,265,2137.0
1257,3039
1257,1091,2986.0
1257,2477,3786.0
1257,3553,5540.0
1258,1320,2311.0
1263,292,2623.0
1263,734,2057.0
1263,1925,3057.0
1263,3284,5502.0
1266,822,2182.0
1266,1153
1270,1023,2537.0
1270,1650,2799.0
1270,1270,3071.0
1270,1270,3377.0
1270,432,4249.0
1270,1231,4264.0
1271,1341,2492.0
1272,24,2369.0
1272,329,2866.0
1273,1320,3193.0
1275,1892,3291.0
1277,928
1281,1553,2501.0
1282,979,1912.0
1282,1192,2495.0
1282,4107
1283,1644,2835.0
1284,593,2142.0
1285,1037,2295.0
1285,1474,2661.0
1286,1320,2425.0
1287,1414,2383.0
1293,1593,3159.0
1294,265,2275.0
1295,1440,2472.0
1297,1585,3185.0
1298,1512,6140.0
1305,1476,2637.0
1306,1672,2666.0
1308,1308,4406.0
1308,1308,5598.0
1308,1991,3192.0
1308,3891
1308,2304
1310,2423,4197.0
1311,4526
1314,1008,2494.0
1315,1315,2628.0
1315,1315
1315,517,2710.0
1315,3327
1316,436,3021.0
1316,1316,2139.0
1319,595,2559.0
1320,1910,3190.0
1322,1570,2820.0
1322,4556,6825.0
1325,1512
1329,498,2410.0
1330,3231
1331,1514,3706.0
1332,1506,2915.0
1333,1835,2942.0
1334,1763,3041.0
1335,3129,6500.0
1335,5420,8019.0
1338,1521
1338,5768
1340,1917,3369.0
1340,557,2752.0
1340,1153
1341,3969
1342,4067
1343,1207,2611.0
1350,498,2599.0
1359,1509,2421.0
1360,1360,2569.0
1360,1522
1360,1952,5197.0
1361,1571,3638.0
1364,1860
1365,1365
1365,1365
1368,1030,2436.0
1368,1030,3211.0
1368,1368
1368,2826,4617.0
1368,2826
1368,2826
1369,721,3553.0
1369,4057
1370,45
1370,2891,5185.0
1371,1272
1372,1719
1373,1940,3401.0
1374,1374,2512.0
1374,1374,2998.0
1374,1374,3557.0
1374,1374,3216.0
1374,1374,3773.0
1374,1374,3559.0
1374,1374,3559.0
1374,1374,3773.0
1374,1904,3215.0
1374,2531,3859.0
1374,3676,5540.0
1375,1730
1377,1617,3280.0
1378,1414,2808.0
1381,1496
1383,1491,2500.0
1383,1065,2754.0
1383,2975
1384,2439
1385,391,2547.0
1386,1319,2474.0
1387,498,2409.0
1388,710,2393.0
1390,1727
1391,2136
1392,2485,5513.0
1393,1107,2448.0
1394,4139
1395,2482
1396,1091,2499.0
1398,1711,3475.0
1399,1755,2883.0
1400,1107,2493.0
1400,1257,4334.0
1401,2860
1404,1534,2962.0
1405,474,3177.0
1406,1407,2384.0
1407,1406,2396.0
1409,2384,5062.0
1410,1594,4766.0
1411,1512,3053.0
1411,2267,4358.0
1412,391,2744.0
1413,1787,2923.0
1414,498,2400.0
1414,1414,2777.0
1414,1414,2777.0
1414,1414,2715.0
1414,2038,3192.0
1414,2067,3462.0
1414,2826,5066.0
1415,905
1416,5531
1418,1257,3499.0
1419,1816,3774.0
1419,2478,6143.0
1420,1739,4576.0
1422,564,2830.0
1423,564,2462.0
1424,1569,2545.0
1425,1008,2661.0
1426,1257,2516.0
1427,1500,2413.0
1427,1506,2556.0
1427,2255,3719.0
1427,2255,3696.0
1427,2967,4724.0
1428,1835,3123.0
1428,2741,6134.0
1429,1495,3499.0
1436,1612,2603.0
1436,2739
1437,1889,4193.0
1438,1257,2438.0
1438,2428,8379.0
1438,2485,4025.0
1440,1107,2713.0
1440,1414,3499.0
1440,2118,3475.0
1441,1441,4651.0
1441,2384,4797.0
1447,1356,2486.0
1448,402,2337.0
1448,2067,4074.0
1448,3212,5045.0
1449,2013,3284.0
1450,2673
1451,1607,3378.0
1451,2241,3454.0
1451,4435,6593.0
1452,1843,3953.0
1453,1850,4848.0
1454,1526,2506.0
1454,1512
1454,2133
1455,1752,2948.0
1457,1023
1458,1564,2918.0
1459,1522,3300.0
1459,768
1460,1625,3218.0
1461,2338,3609.0
1462,2619
1463,1825,3465.0
1465,1603,2557.0
1465,1963,4010.0
1467,1030,3187.0
1467,2415,3917.0
1469,1469
1469,1469
1471,1957,3501.0
1471,3433
1475,1475
1475,1475,3475.0
1475,2370
1475,2459
1479,1480,2510.0
1479,1479,3176.0
1479,1479,3243.0
1479,4124
1480,1480,2377.0
1480,1480,6143.0
1480,1479,3176.0
1480,1479,3176.0
1484,1729
1487,1474,4528.0
1489,1609,2562.0
1489,1489
1489,2878
1491,1065,4137.0
1491,3298
1491,205
1494,2267,3784.0
1497,1855,3200.0
1498,1855,2990.0
1499,1657,3940.0
1504,1482,2775.0
1504,531,3313.0
1504,1963,4161.0
1507,1668,2954.0
1507,2234,3485.0
1507,2612
1512,2267,3784.0
1513,3419
1517,1517,3106.0
1518,1676
1518,4224
1520,1673,2889.0
1521,2054
1522,1459,6464.0
1523,3865
1526,1526,2780.0
1526,1526,2921.0
1526,1526,3177.0
1526,734,3204.0
1537,1895,4204.0
1541,1541
1543,1543
1543,1427,3470.0
1548,4491
1549,1752,3500.0
1550,1374,3748.0
1555,1207,2989.0
1556,3511
1562,2826
1563,557,2752.0
1563,1566,3174.0
1564,1760,2824.0
1565,1927,3320.0
1566,557,2747.0
1566,2478,5365.0
1569,1270,3501.0
1569,2677,5353.0
1571,557,2747.0
1572,1045
1572,2716,5599.0
1574,1596
1575,1400,2986.0
1578,2088,5021.0
1579,2787,4280.0
1581,1761,3498.0
1582,1502,5556.0
1583,2045,4245.0
1584,1512,3775.0
1585,1784,3185.0
1586,1500,3243.0
1587,1587
1587,4306,6813.0
1588,1929,3592.0
1588,3395,5100.0
1589,1589
1591,1591,3720.0
1591,1591
1591,2849,4604.0
1593,113,3694.0
1596,1727,3024.0
1596,2630
1597,1827,2913.0
1598,1865,3025.0
1600,1023,2774.0
1601,1605,2921.0
1603,1465,2887.0
1604,1604,3177.0
1604,734,3365.0
1604,2690,4778.0
1605,1605,2723.0
1605,1605,2723.0
1606,1448,2766.0
1609,1609,2563.0
1609,1609,2647.0
1609,1668,2832.0
1609,4030,6226.0
1611,1611,4743.0
1617,1107,2715.0
1617,1107,3786.0
1617,1996,3192.0
1617,250,3475.0
1617,4405,6964.0
1623,1623,3881.0
1623,1543,2989.0
1626,874,2475.0
1627,1030,3187.0
1628,1514,2603.0
1629,1964,3081.0
1630,1485,2595.0
1631,1753,2862.0
1631,1966,3214.0
1632,815,2703.0
1633,1666,2645.0
1633,2604,4082.0
1634,2619
1636,332,2969.0
1637,1825,2913.0
1639,1272,2847.0
1639,2422,4011.0
1639,1639,3190.0
1640,1843,3194.0
1646,3595,7670.0
1647,1963
1648,868,2775.0
1650,1651,2994.0
1651,1650,2724.0
1652,2377,3731.0
1653,870,3925.0
1653,1136,5059.0
1654,1315,3111.0
1654,1315,3697.0
1655,3327
1656,1653
1657,1512
1659,2317
1670,531,3023.0
1670,2091,3253.0
1670,2390,3703.0
1670,1136,5071.0
1670,4401
1672,3951
1675,531,3787.0
1676,2085,3428.0
1680,4759
1683,1756,2928.0
1687,1512
1688,2058
1689,1900,3945.0
1691,332
1693,734,3325.0
1693,768,5809.0
1694,734,3582.0
1694,3874
1695,3233
1698,1734,3505.0
1699,1874,2982.0
1706,1114,3779.0
1707,1707,4504.0
1708,1512,4578.0
1711,1711
1718,1414,3475.0
1718,2706
1718,1718
1718,3997
1719,447,3771.0
1720,1893,3032.0
1721,1762,3774.0
1723,3188,4856.0
1723,2739,4346.0
1723,5712
1724,2116,3547.0
1725,2316
1728,4302
1730,2708
1733,1890,3073.0
1734,2278,3555.0
1737,2765
1738,1374,3575.0
1739,3073,4770.0
1744,815,2704.0
1745,1512,3500.0
1746,1939,3396.0
1747,1512,4808.0
1748,3595
1748,4938
1750,1750,3081.0
1750,2070,3415.0
1750,1588,3885.0
1751,2328,4297.0
1752,322,4074.0
1753,1989,3214.0
1754,1966,3226.0
1755,3818
1756,1927,4123.0
1756,2067,3477.0
1757,1856,3829.0
1758,1270,3198.0
1759,1955,3220.0
1761,2262,3498.0
1762,1985,3218.0
1763,531,3041.0
1763,2255,3915.0
1765,1512,3500.0
1767,1136,5264.0
1768,332,3442.0
1769,1769,3245.0
1769,2650,4183.0
1773,1849,4747.0
1774,1809
1781,1617,3499.0
1782,2120,3774.0
1790,3033
1791,2084,3286.0
1791,2336,4079.0
1792,1851,3250.0
1793,1874,2982.0
1794,2146,3501.0
1794,432,4532.0
1795,1257,3772.0
1796,1848,2921.0
1797,2092,5693.0
1798,2053,3392.0
1799,1799,3721.0
1799,2053,3709.0
1802,1872,3475.0
1805,531
1805,3185,4758.0
1806,2478,4398.0
1807,777,3070.0
1807,777,4334.0
1807,1807,4249.0
1808,2054,3499.0
1809,777
1809,777
1810,1512,3279.0
1814,2353
1815,2992
1817,1617,3211.0
1818,1689,2985.0
1819,1196,3203.0
1819,2477
1820,329,2866.0
1821,2049,3491.0
1822,332,2966.0
1824,332,2970.0
1827,2052,4091.0
1828,1832,3323.0
1829,1848,3154.0
1833,2119,3370.0
1835,2204,3538.0
1835,474,6809.0
1835,4601,6868.0
1840,2042
1841,4554
1842,798
1844,1617,4746.0
1847,2827
1848,2186,3470.0
1849,2806,4420.0
1852,5744
1853,4729
1854,2061
1856,2654,4287.0
1860,2282,4062.0
1862,2579
1865,975,3040.0
1866,3272
1872,2839,4639.0
1874,2049,3248.0
1875,238
1879,2067,4013.0
1879,3315,5529.0
1879,3442
1882,4565
1887,2227,3707.0
1889,3010
1892,1892,3390.0
1892,1892,6220.0
1892,1892,6220.0
1892,2619,5437.0
1892,3167,4780.0
1896,2255
1897,2453,3896.0
1898,2648,4150.0
1904,1374,3281.0
1906,2448,3901.0
1907,1907
1912,2121,4668.0
1912,809,4598.0
1912,2905,4599.0
1912,3042,4881.0
1912,3980,5978.0
1915,1915,4199.0
1917,1917,3630.0
1917,1917,4909.0
1920,1617,3211.0
1920,1920,5742.0
1920,3101,4893.0
1920,3448,5742.0
1921,2345
1922,975,3438.0
1922,3290,4937.0
1926,531,3118.0
1927,5650
1927,4760
1928,768,4364.0
1929,2267,5152.0
1931,555,4629.0
1932,1932,3499.0
1932,3453,5622.0
1935,2149,3578.0
1937,1937,4384.0
1939,2350
1939,2748,4250.0
1940,975,3578.0
1941,2541,5616.0
1945,5003
1946,1419,3070.0
1946,3128
1946,3128
1947,2369,3739.0
1949,2161,3500.0
1949,3888,6295.0
1951,2337,3730.0
1953,2274,3746.0
1956,1956
1956,72
1957,432,3914.0
1958,4440
1959,1888,3193.0
1962,447,2982.0
1963,2025
1963,2649,4214.0
1963,1963,4010.0
1964,2067,3252.0
1965,1879,4203.0
1966,447,3214.0
1966,5098,7767.0
1967,1374
1969,3246
1970,2356,3701.0
1970,1970,4530.0
1978,2356,3669.0
1979,2434,3956.0
1981,2049,3739.0
1986,2292,4827.0
1987,2479
1988,2206,4583.0
1988,4411
1989,2067,3477.0
1991,1414,3499.0
1994,768
1996,1107,4006.0
1998,2049,3491.0
1999,2960
2000,2619
2001,2138,3538.0
2002,2141,3470.0
2004,2049,3512.0
2010,1,3954.0
2010,3247,4839.0
2010,3247,4921.0
2010,2010,4494.0
2010,2010,4838.0
2010,2010
2010,2010,7881.0
2010,3353,5670.0
2010,4316,6746.0
2010,4117,6689.0
2010,4117,7201.0
2010,4117,7604.0
2010,4809,7273.0
2010,5591
2011,2011
2011,3231
2014,809,8337.0
2014,3131,4880.0
2014,3352,5451.0
2015,2199
2016,447,3174.0
2016,2860,5257.0
2019,2019,5225.0
2019,2019,5853.0
2019,2019
2019,2019
2019,1374,5787.0
2019,4709
2021,2238,3777.0
2024,2067,4013.0
2025,1963,4122.0
2025,2224,6122.0
2027,2450,4218.0
2032,815
2035,2485,4249.0
2038,2485,6217.0
2045,250,3621.0
2045,2045,3470.0
2045,3236,4883.0
2046,2435
2047,2386,3734.0
2050,2614,6419.0
2051,5137
2053,2465
2056,2539,4286.0
2057,2057,6674.0
2057,4509
2059,2059,4540.0
2059,2059,3492.0
2062,2275
2064,2478,4588.0
2065,2406,4588.0
2066,870,3793.0
2067,2259,3525.0
2070,2716,4125.0
2071,2454
2072,2252,4472.0
2075,2117,5796.0
2077,3688
2080,2502,4012.0
2082,3070
2091,2255,4009.0
2092,2255,3777.0
2092,2092,3600.0
2092,2092,4624.0
2094,2316,3786.0
2094,2648,4192.0
2095,2395,3919.0
2098,870,4166.0
2103,2104,4309.0
2104,2104,4132.0
2104,2104
2104,2104
2104,2879,4314.0
2111,2651,5105.0
2112,2292,4831.0
2114,3061,5883.0
2116,2839
2117,2274,3499.0
2117,2117
2117,2117,5617.0
2117,2478,3797.0
2117,2670,4215.0
2117,3761,5663.0
2122,2121,4337.0
2123,2121,4337.0
2129,2129
2130,1734,3555.0
2131,1750,3774.0
2132,1257,3606.0
2132,2826,7025.0
2133,1065,4122.0
2134,2718
2135,2135,3616.0
2135,768,6121.0
2137,3126
2139,2839,5556.0
2140,2067,3601.0
2141,1374,3499.0
2144,2496,3916.0
2145,5538,8358.0
2146,432,4691.0
2149,975,3592.0
2149,2486,4642.0
2150,539,4018.0
2151,5796
2152,2648
2158,2650,4347.0
2160,1374,3575.0
2161,3256
2162,1374,3752.0
2163,2994,5066.0
2163,777
2164,447
2165,2485,3865.0
2166,2304,3819.0
2166,2644,4532.0
2166,2859,5354.0
2168,2511,6127.0
2174,2562
2175,768,4113.0
2176,2446,3766.0
2177,1963
2180,2092,3251.0
2181,2186,3471.0
2182,3012
2183,2436,4433.0
2185,2259,3531.0
2186,1963,4080.0
2187,2259,3608.0
2187,1922,6291.0
2188,2465,4160.0
2189,2189,3759.0
2189,2465,4154.0
2190,3458
2193,3912
2194,1489,3759.0
2196,2461,4250.0
2197,447,5796.0
2199,2199,7494.0
2199,2199
2199,2199
2199,5774
2200,1107,6613.0
2204,2411,4176.0
2204,3281
2204,3598
2205,1374,3499.0
2207,2511,3870.0
2210,1231,8358.0
2211,815
2211,815
2212,3865
2213,1037,4968.0
2214,2856
2220,2220,4762.0
2220,2220,4248.0
2220,2793,4279.0
2220,5536,8239.0
2220,5536,8239.0
2223,2223
2224,230,3330.0
2224,2838,4714.0
2224,72,6169.0
2225,2739,4193.0
2226,1374,3475.0
2226,4084
2228,2465,4308.0
2229,2339
2240,2699,4210.0
2242,1963,4414.0
2253,3584,5542.0
2257,2477,5063.0
2260,2260
2260,2827
2267,2483,4260.0
2268,2057,6674.0
2269,3044,6935.0
2271,2748,4250.0
2276,2453,3869.0
2278,3114,5644.0
2280,2724,5048.0
2282,5208
2283,768
2285,1970
2286,2833
2287,3008,5823.0
2293,3242
2293,2293
2304,2304,4846.0
2304,2304,4505.0
2304,2304,4846.0
2304,3525,7769.0
2304,3567,5368.0
2304,205
2306,2693,4580.0
2307,3086
2310,2478,3800.0
2312,2507,4477.0
2312,3086,4826.0
2313,2839,4761.0
2313,3883
2318,1912,4086.0
2319,3169,5346.0
2324,2324
2324,2324,6311.0
2324,2324
2324,3808,6311.0
2325,2326,3841.0
2325,2325
2327,2327,3774.0
2327,2327,4047.0
2328,2328
2328,2328,4375.0
2331,163,4397.0
2333,1257,4006.0
2338,2349,4899.0
2342,2929,4452.0
2346,2646,4262.0
2347,2829
2348,1879,4103.0
2350,2540,4561.0
2353,1153,6496.0
2354,3948
2356,1970
2356,1970
2359,2045,4686.0
2362,2887,4855.0
2368,2477,4247.0
2371,3639,6264.0
2372,2839,5795.0
2374,2894
2376,777,4652.0
2377,2377,3777.0
2377,2377,3777.0
2380,3214,5852.0
2384,2384,5062.0
2384,923,5676.0
2385,2270,3564.0
2386,1257,4412.0
2386,3624,5585.0
2386,4328,7092.0
2387,1879,4257.0
2390,2610,4010.0
2393,2916,4367.0
2393,2934,4964.0
2394,2495,4167.0
2395,2649,4411.0
2397,1489,3672.0
2398,3205,4837.0
2399,2465,3905.0
2401,2966,5644.0
2402,3239
2403,2406,5609.0
2407,2877,4762.0
2410,2722
2412,2986,5503.0
2413,1963,4122.0
2414,3273
2418,3102,5149.0
2418,3327,5501.0
2419,1963,3869.0
2420,2420
2421,2567,3918.0
2425,2465,4281.0
2427,2524,4252.0
2430,2478,3800.0
2432,2648,4938.0
2433,2465,4160.0
2434,2434
2435,3460
2437,2437,3959.0
2437,2437
2437,2685,4232.0
2441,5334
2443,2255,3702.0
2444,2444,4705.0
2444,3152
2446,2472,3949.0
2447,2967
2448,2582
2453,3114
2456,2456
2464,443,6903.0
2465,2637,4352.0
2466,2637,3991.0
2467,2638,3993.0
2467,2815,4236.0
2467,2824,4783.0
2468,2638,4239.0
2469,2638,3993.0
2472,2983,4709.0
2475,2827,4765.0
2476,2649,4152.0
2477,3027,7320.0
2481,3672
2481,4774
2485,777,4335.0
2486,2486,4385.0
2486,2486,4385.0
2486,2486,4096.0
2486,2486,4621.0
2486,2486,5064.0
2487,2648,4029.0
2491,2045
2492,2492,4793.0
2492,2492
2493,2989
2497,238
2500,3274,6146.0
2505,1835,4202.0
2506,2506
2506,2506
2507,2507,4224.0
2508,3419
2510,1617
2511,2511,4223.0
2511,2511,4247.0
2511,4427
2512,2839,4379.0
2514,2640,4051.0
2514,1489,3991.0
2517,809,4336.0
2517,2837,4339.0
2517,2907,4877.0
2519,4338
2520,2324,6311.0
2521,3040,4613.0
2524,5220
2525,2524,4252.0
2531,265,4362.0
2531,2531,5503.0
2531,72,5858.0
2531,3925,8358.0
2533,4482
2534,2826,4380.0
2537,2537,5971.0
2537,2537,7155.0
2537,4836,7245.0
2538,265,6122.0
2538,2727,4262.0
2538,3803,6739.0
2538,5255,7884.0
2538,5078,7916.0
2539,3226
2540,3062
2542,3017,5644.0
2543,2663,4060.0
2545,3512
2546,3482
2553,3105,4735.0
2555,2555,4679.0
2556,3395,5152.0
2559,3067
2564,1215,5217.0
2565,2731,4121.0
2565,3396,5128.0
2566,1448,4452.0
2567,825,4793.0
2568,391,4009.0
2569,2648,4021.0
2569,3911,8398.0
2570,2649,4247.0
2571,2010
2571,2794,4947.0
2572,3180
2573,1038
2574,2649,4021.0
2574,3198,5421.0
2575,2574,4758.0
2577,662,6035.0
2578,2894
2580,2868,4712.0
2582,3156,5399.0
2585,1448,8110.0
2586,815,4246.0
2589,2665,4036.0
2590,2648,4426.0
2591,2648,4027.0
2592,2592,4680.0
2592,2592,4681.0
2592,2592,5284.0
2592,2592
2592,3382,5284.0
2597,1489,5485.0
2598,1489,3937.0
2599,2761,4235.0
2604,2784
2606,768,4202.0
2608,2025,4758.0
2609,2648
2610,2649,4110.0
2611,2324,4430.0
2611,3188,5501.0
2611,3800,5795.0
2614,1723,4007.0
2621,2472,3777.0
2622,1126
2623,3189
2631,2632,8002.0
2632,5405
2636,2636
2638,2647,4237.0
2639,2817,4237.0
2640,2817,4308.0
2641,2817,4610.0
2643,2643,5867.0
2643,2643,7745.0
2643,3247,5667.0
2643,4635,7118.0
2644,2166,7328.0
2648,2649,4251.0
2649,2826,4249.0
2650,2844,5119.0
2651,3212,4817.0
2651,3327,7328.0
2658,3319,5528.0
2661,265,4742.0
2662,2757,4152.0
2666,1281,6085.0
2668,2671,4152.0
2669,3185,6828.0
2670,2543,4963.0
2670,3048,4563.0
2671,2849,4633.0
2679,2384,6025.0
2682,2647,4462.0
2690,2690,7437.0
2695,4183
2696,3327,5297.0
2697,2697,4449.0
2697,2826,4262.0
2697,2826,6122.0
2697,3730,5647.0
2697,3103,6058.0
2698,2932,4969.0
2699,2699,4334.0
2701,2859,6176.0
2702,3633,5950.0
2703,2894,4714.0
2703,5277
2706,2706,4964.0
2706,3399,5756.0
2710,809
2713,2325
2715,2919
2716,2486,4621.0
2716,3395,5376.0
2719,3771
2721,3235
2723,2936,4908.0
2723,3780,5873.0
2724,2724,5139.0
2724,1904
2727,2828,4262.0
2730,2730
2730,4601
2732,5007
2734,2224,5148.0
2735,3592,5416.0
2738,4118
2739,2690,5158.0
2739,5506
2742,4121,6237.0
2743,4877,7276.0
2750,3969,6111.0
2755,2836
2756,3421,5136.0
2757,2870,4553.0
2757,2757,4152.0
2759,3055,4686.0
2760,3110,4640.0
2761,2915,4837.0
2766,2813
2766,2813,6121.0
2767,3099,6063.0
2767,3370,7118.0
2768,2826,4251.0
2773,2964,4994.0
2773,4547
2775,2643,4838.0
2777,238,4993.0
2779,2641,4610.0
2780,2963
2786,3185
2791,2686,7952.0
2796,2796
2799,2117,4757.0
2803,4135
2805,777
2806,3100
2809,798
2810,2813,5779.0
2811,4565,6808.0
2813,5468
2814,5081,8060.0
2815,2824,5530.0
2816,3099,4610.0
2818,3100,4890.0
2819,3585
2822,3407
2823,1308,5650.0
2826,447,5066.0
2826,2826,4904.0
2826,3730,5579.0
2828,3027,4938.0
2833,2996,4537.0
2833,3235
2834,3231,5513.0
2834,5016
2835,2966,4939.0
2838,2224,4851.0
2841,3050,4552.0
2842,3396
2847,3309,5044.0
2848,3182,4885.0
2849,2859,5936.0
2849,365,7010.0
2856,3524
2857,4125,6991.0
2859,3062,4908.0
2859,2859
2860,4530
2861,2861
2862,886
2863,3234,6398.0
2865,3100,4784.0
2866,2866,4885.0
2866,3271,4886.0
2870,3182,4883.0
2875,3213
2876,2045,4274.0
2877,5200
2878,3205
2883,2883,4315.0
2883,3213
2889,265,4644.0
2890,2826,4858.0
2892,2892,5555.0
2892,2892
2894,2531,5334.0
2896,2896
2900,3068,4585.0
2901,3093,5269.0
2901,809,4880.0
2901,1275,5461.0
2901,4014
2902,3093,4872.0
2902,2902,5468.0
2902,3657,5464.0
2902,4019,6201.0
2902,4014
2903,3093,4809.0
2903,2903,5639.0
2903,2903,5932.0
2903,1275,5463.0
2903,5334
2903,4858,8351.0
2903,4858,7197.0
2904,3088,4794.0
2904,3352,5346.0
2905,2517,4664.0
2905,2907,4875.0
2906,2905,4341.0
2906,2907,4876.0
2906,2907,4995.0
2906,3980,6279.0
2906,2906,5987.0
2907,2517,4671.0
2907,3352,5247.0
2907,3352,5994.0
2908,2906,4663.0
2910,2909
2910,2910
2910,2910
2910,4231
2916,3049,5069.0
2922,3281
2923,2923,4938.0
2923,3437,7156.0
2925,2132,4536.0
2926,2706
2926,4174,6327.0
2928,2839
2929,3051,4623.0
2930,3699,5796.0
2931,3881
2934,1064,5036.0
2935,1414,4858.0
2936,3231,5264.0
2937,3401,5237.0
2937,1153,5825.0
2941,3801,6303.0
2944,2944,4788.0
2944,2944,5164.0
2944,3743,5963.0
2945,3873
2951,3778,6693.0
2953,2826
2954,2592,4681.0
2954,4048,6238.0
2955,2224,4688.0
2956,3188,5136.0
2962,3100,4841.0
2962,2962,4841.0
2963,3205,4837.0
2964,3144,4993.0
2965,3274,6456.0
2966,2966,5065.0
2966,3396
2967,2967
2971,2166,5208.0
2971,3358
2980,3450
2982,3119
2984,3446,5154.0
2986,3997,6565.0
2987,2987,5044.0
2987,3051,5213.0
2989,2989,4461.0
2989,2989,4461.0
2994,4946
2995,4312
2998,3112,5644.0
2999,3164,4988.0
3003,3143,4794.0
3008,3082,5614.0
3008,3811,6242.0
3008,4809,7206.0
3013,3553,5370.0
3013,3944
3023,3951,6064.0
3030,3030,5026.0
3030,3030,5425.0
3030,3354,5025.0
3030,4310
3033,4466
3034,3034,4783.0
3034,3828,5875.0
3034,3534
3034,63,5271.0
3040,3040
3040,1920,4893.0
3040,4033
3041,3218,4805.0
3041,4195,6435.0
3042,3150,5056.0
3042,3134,5461.0
3046,3276,5314.0
3047,3370,5271.0
3047,3534,6153.0
3048,3496
3048,3048
3049,3437,5328.0
3049,3142,4756.0
3050,3410,5222.0
3053,3309,4962.0
3059,3214
3062,2859,6771.0
3073,3073,6138.0
3073,3073,5165.0
3073,4119
3073,4119,6447.0
3074,3074,5044.0
3074,1136,5071.0
3074,1136,5071.0
3077,3414,7178.0
3082,3205,5383.0
3082,4066
3082,3082,6063.0
3088,3132,4794.0
3089,3303,5346.0
3090,809,5118.0
3092,3268,5348.0
3093,3223,5465.0
3093,1275,5463.0
3099,3373,5380.0
3099,3099,5677.0
3103,3103,5066.0
3103,3103,5066.0
3103,3327,5417.0
3103,3734,5650.0
3103,3562,5417.0
3103,2697,6058.0
3105,3170,5764.0
3106,3282,5008.0
3106,3800,5848.0
3106,3106,6605.0
3107,1479
3109,3278,5097.0
3110,3421,5104.0
3112,3286,5142.0
3114,3440,5300.0
3114,3114,5781.0
3114,4010,6161.0
3114,4010,6161.0
3114,4435,6976.0
3115,3606,7037.0
3116,3280
3117,2460
3121,3238,5065.0
3122,3486
3123,3602,5677.0
3124,2163,5602.0
3126,1949,6295.0
3127,3175,5522.0
3129,3129,6500.0
3131,3262,4875.0
3131,3150,4870.0
3132,3132,4794.0
3133,809,4874.0
3134,2517
3134,3267
3138,3937
3139,3637,5613.0
3140,2386,5188.0
3141,3399,5375.0
3142,432,5179.0
3142,3780,5872.0
3143,2903,5438.0
3145,3318
3146,3148,4740.0
3147,3205,4890.0
3148,3148,5673.0
3148,3534,5272.0
3148,807,6641.0
3150,4013,7271.0
3150,3150,5472.0
3150,3150,5724.0
3150,809,5343.0
3150,3840,5978.0
3150,4226,8730.0
3150,3350,5730.0
3150,4227,6281.0
3153,1153
3155,5404
3157,3630,5542.0
3158,3225,5797.0
3159,3327,5148.0
3159,3464,5571.0
3159,4101,6457.0
3162,3054,4605.0
3164,3347
3165,3271,4886.0
3167,1892,4980.0
3168,3918
3173,3173
3177,3205,4890.0
3181,3284,5278.0
3183,3205
3187,3187,5401.0
3187,3424,5401.0
3187,72,5766.0
3188,3747,6156.0
3200,2531,5334.0
3206,3411,5109.0
3207,3373,5035.0
3211,3512,5280.0
3212,3669
3216,3788
3218,2019,7338.0
3222,4645
3226,3539,7424.0
3231,3401,5084.0
3233,3233,5913.0
3233,3969
3235,3237,5797.0
3235,3235
3236,3408,5082.0
3237,3235
3239,3114
3244,3244,6282.0
3245,3306
3246,3534
3247,3459,6003.0
3247,807,5160.0
3247,2010,6833.0
3256,1723
3258,3212,5488.0
3259,3451,5508.0
3262,3352,5116.0
3265,809
3267,3352,5870.0
3267,4168,6394.0
3268,3134,5348.0
3269,2902
3274,4348,6462.0
3279,3231,5071.0
3281,1723,6419.0
3282,923,5676.0
3283,3293,5501.0
3284,3539,5398.0
3286,3396
3289,3289
3291,3291
3291,3291,6161.0
3293,3293,5501.0
3293,3293,5501.0
3293,72,5632.0
3293,5268
3295,4342
3300,4489
3301,3422,5811.0
3302,3581,5500.0
3303,3581,5347.0
3303,3581,5461.0
3304,3134,5451.0
3305,3518,5346.0
3305,4019,5993.0
3307,3339,4989.0
3308,3290,6291.0
3310,3399,5375.0
3312,3148,5404.0
3312,4298,7118.0
3313,3534
3316,4020
3317,3459,5313.0
3318,3318,5019.0
3318,3318,5019.0
3323,3323
3324,3324
3325,3669
3326,3800,5795.0
3327,3327
3327,3782,5676.0
3328,4113,6577.0
3329,3327,5373.0
3333,3030,5026.0
3335,3327
3337,3650
3339,3732
3340,3372,5229.0
3341,4024,7923.0
3342,3409
3345,4864
3347,3513,5590.0
3348,3650
3349,3650
3350,3428,5118.0
3350,3350,5116.0
3350,3350,7845.0
3350,3350,7860.0
3350,4168,6278.0
3350,4016,6279.0
3350,4992,7845.0
3352,3620,5451.0
3353,2010
3358,4037,6047.0
3368,5259
3369,3537,5496.0
3370,3534,5314.0
3370,3534,5436.0
3370,3082,5674.0
3370,807,6230.0
3370,807,6806.0
3370,4622,6955.0
3370,4809,7206.0
3371,3534,5660.0
3372,3378,5271.0
3373,3534,5775.0
3373,3459,6889.0
3377,3377
3379,3537
3383,3852
3385,3997,6754.0
3391,3675
3394,3617,5501.0
3395,3571,5456.0
3396,4434
3397,3669
3399,3862
3401,205,6035.0
3404,3404
3406,447,5969.0
3408,3409
3411,3534
3412,3412,5324.0
3412,3412
3412,5014,7469.0
3414,3666,5825.0
3414,3414,8321.0
3415,3900,6398.0
3419,3419
3420,4386
3421,3421,5503.0
3421,3651,5501.0
3423,4848
3424,3424
3425,3534,5436.0
3426,3696,5642.0
3427,3692,5717.0
3428,3428,5395.0
3428,2901,7624.0
3429,3722,6831.0
3431,3513,5442.0
3437,3566,5761.0
3439,3114
3440,4008,6161.0
3440,4565
3440,4442,6622.0
3441,3997,6808.0
3442,4255,7258.0
3442,29,7903.0
3443,4065
3444,3453,5650.0
3445,3592,5576.0
3446,4008,6309.0
3447,3782,5757.0
3449,3553,6145.0
3450,3450
3450,3450,6327.0
3451,4264,8499.0
3453,322,6104.0
3454,3598,5576.0
3454,1282,5761.0
3455,4655
3456,3394,5540.0
3459,3801,5774.0
3459,3459,5935.0
3459,3459,6687.0
3459,3459,6135.0
3459,3459,6890.0
3459,4521
3459,2010,7201.0
3459,4117,7201.0
3460,3792
3461,3461,5316.0
3463,4850
3464,1136,5151.0
3464,662,5873.0
3467,3678,5704.0
3472,4749
3473,3454,5609.0
3474,3475,5757.0
3475,3474,5757.0
3477,3600,5502.0
3478,3553,5449.0
3479,3148,5042.0
3479,3783,5675.0
3479,2010
3479,4253,6558.0
3480,3534,5435.0
3480,3534
3483,3483
3484,3526,5677.0
3484,5039,7478.0
3485,2906,5931.0
3496,3628,5501.0
3497,3497,5503.0
3497,3715
3498,3692,5554.0
3499,3187,5766.0
3500,3678,5577.0
3500,3678,5704.0
3500,4425,6579.0
3502,3591,6157.0
3505,1374,5341.0
3508,3175,7717.0
3509,3913
3510,4130,6717.0
3511,3669,6760.0
3512,3533,5300.0
3512,3512,6026.0
3512,3512,5953.0
3514,3534
3515,3461,5306.0
3515,3841,5733.0
3519,3553
3520,5687
3521,3641,5689.0
3521,3521,5675.0
3526,2643
3527,4466,6990.0
3528,4543
3533,3562,5574.0
3533,4036,6092.0
3534,3534,6494.0
3534,3929,6494.0
3539,3823,7303.0
3544,4101
3548,3805
3550,3550,6390.0
3550,3550
3552,3988
3553,3800,5797.0
3557,3557,7427.0
3559,4293
3559,4293
3559,3559,5774.0
3561,3534
3562,3676,5540.0
3564,3564,5635.0
3565,5354,8038.0
3566,3857
3572,3572,6090.0
3572,3572
3572,3572
3578,3564
3581,3303,5464.0
3582,809,5465.0
3588,3741
3590,3235
3591,3591,5620.0
3591,1728,5638.0
3592,3800,7768.0
3594,4224
3595,4320,7600.0
3596,4512
3600,3823,7303.0
3602,3801,7118.0
3603,3783,6385.0
3604,3534
3605,4124
3606,3800,7037.0
3607,3563
3611,3350,6360.0
3613,4031
3614,3823,6020.0
3615,3883,5798.0
3616,3648,5610.0
3617,3394,5619.0
3617,3676,5585.0
3617,3719,5631.0
3617,3617,5881.0
3617,3617
3617,4087,6260.0
3617,5492,8204.0
3618,3798,5774.0
3620,2906,5931.0
3621,2906,5976.0
3624,3714,5618.0
3628,72,5626.0
3630,3767
3633,3893
3635,3636,5492.0
3636,3636,5492.0
3637,3823,6151.0
3640,3640
3640,3534
3641,3008
3642,3753
3644,3693
3645,3724,5604.0
3646,3719
3647,3692,5554.0
3648,3676,5559.0
3651,72,6816.0
3651,3651
3656,2903,5993.0
3657,3657
3657,3764,5799.0
3658,1275,5463.0
3658,4891,7351.0
3659,3657,5621.0
3659,4858,7722.0
3661,3008,6017.0
3663,3792
3667,4493
3667,5451,8417.0
3673,3534
3677,4992
3678,3823,5942.0
3678,3678,6080.0
3678,3678,6079.0
3678,3678,6195.0
3678,4431,6942.0
3679,3890,6075.0
3683,4527,6790.0
3686,4466
3690,2826,6841.0
3691,3942
3692,4648
3692,3692,5717.0
3694,3479,6325.0
3696,4368
3697,4635
3699,4142
3701,3701,5830.0
3701,4111,6477.0
3702,4380
3704,4552
3705,4479
3711,3724,5606.0
3713,3940,5926.0
3714,3624,5831.0
3716,4249,6340.0
3720,4025,6394.0
3721,4017
3722,4617
3724,507
3725,3724
3725,507,5606.0
3729,4048,6415.0
3730,2697,6058.0
3732,3732,5761.0
3732,1282,5767.0
3734,2697,6440.0
3736,205,6128.0
3737,3737
3739,3442
3744,3534
3747,4289,8358.0
3749,4489
3753,507,5734.0
3755,3841,6448.0
3756,3756
3758,3459,5961.0
3761,3793
3761,3793
3762,3800,6097.0
3763,2926,5849.0
3769,4106
3775,2903,5812.0
3775,3658,7185.0
3776,3534
3780,2723,5824.0
3780,662,6035.0
3782,3719,6058.0
3783,3534,6385.0
3786,72,5502.0
3786,3678,6075.0
3787,2903,5844.0
3791,4120,6255.0
3793,4085,6094.0
3800,1451,6323.0
3808,5516,8278.0
3810,3810
3811,3167,6955.0
3811,5177,8077.0
3812,4565,6808.0
3813,4111
3817,5650
3823,4038,6942.0
3823,3595
3827,5987
3828,4200
3830,4530
3837,3837,5986.0
3837,4019,6279.0
3838,4013,6202.0
3838,4019,6360.0
3839,4024,6876.0
3840,4013,5982.0
3843,4139,6640.0
3844,4483,6790.0
3844,5888
3852,3852,6190.0
3852,4205,6624.0
3854,447,6499.0
3857,4615
3859,3500,7424.0
3862,4360,6828.0
3863,4543,8158.0
3864,1282,5951.0
3865,3865
3875,5642
3876,3131,7197.0
3878,4255
3879,2906,5977.0
3885,3967,6015.0
3887,4079,6170.0
3887,4255
3887,5517,8176.0
3888,3967,6024.0
3894,2903,5998.0
3896,3658,5998.0
3897,3370,6955.0
3898,3930,5961.0
3901,4277
3903,3903
3904,5538,8335.0
3905,4111
3906,3793,5953.0
3907,3907,6092.0
3907,3933,6149.0
3908,4367
3909,4298
3909,4380,6806.0
3909,4684,7030.0
3910,2903,6033.0
3911,4271,6403.0
3911,110,8473.0
3912,4316,6833.0
3913,2108,7135.0
3913,4686,6967.0
3915,4868,7238.0
3917,4255
3931,3931,6856.0
3935,4115,6892.0
3937,4280,6370.0
3940,3940
3941,4947
3943,4375
3950,4396
3951,3951,6088.0
3954,3955,7316.0
3955,3954,7317.0
3957,4201,6638.0
3959,2010,7019.0
3971,4088
3972,3972,6579.0
3972,4831,7795.0
3973,4090,6105.0
3974,4497,6958.0
3979,4868
3980,4016,6276.0
3980,4327,6590.0
3981,4014,6429.0
3986,4730
3987,1646
3989,2826,6191.0
3990,4162,6268.0
3991,322
3994,4113
3996,4114,6299.0
3997,3997,6808.0
3997,3888,6334.0
3998,4166
4000,4255,6822.0
4002,5712
4005,4211,6387.0
4005,4867
4006,4006
4006,4006
4007,4085,6449.0
4008,3997,6309.0
4008,4513,6691.0
4009,5712
4010,4443,6843.0
4012,2906,5977.0
4013,4013,6276.0
4013,4013,6277.0
4013,4013,6550.0
4013,4013,6875.0
4013,3150,6279.0
4013,4417,6590.0
4013,4346,6663.0
4013,5595
4014,4014,5987.0
4015,4019,6276.0
4015,4649,7404.0
4016,4019,6276.0
4017,4013,6279.0
4018,4019,6430.0
4019,4019,6453.0
4020,4912,8224.0
4021,4021,6185.0
4021,4005
4024,4891,8014.0
4024,4868,7923.0
4025,4024,7185.0
4026,4891,7807.0
4027,4449
4030,4030,6226.0
4030,807,6304.0
4030,2010,7118.0
4031,4169
4031,4244,6697.0
4031,4244,7423.0
4035,45
4036,3440,6358.0
4037,4457,6902.0
4038,5001
4040,4642
4041,4036,6096.0
4041,4442,6694.0
4041,4569,6777.0
4041,4689,7065.0
4042,4730
4043,1451,6260.0
4044,4128,6598.0
4047,1451,6545.0
4054,4302,6497.0
4058,4453
4062,4283
4066,4622
4066,4697,6955.0
4075,4076,6350.0
4076,4272,6351.0
4079,5796
4085,3888,6449.0
4086,4373,6736.0
4087,3888,6260.0
4087,4041,6777.0
4087,4041,6777.0
4094,5476
4094,5476
4100,4287,6436.0
4102,4198,6415.0
4104,4484,6899.0
4105,4334,6841.0
4106,3888
4107,5732
4109,4519,8358.0
4110,5712
4112,4112
4112,4442,6823.0
4114,4114,6772.0
4114,5629,8308.0
4114,5333,8203.0
4115,4543,6779.0
4117,4117,6306.0
4117,4117,6628.0
4117,4117,6787.0
4117,4521,6787.0
4117,2010
4117,5312
4120,4504,6685.0
4122,3439,6310.0
4124,4320,6715.0
4125,4730
4130,4859
4131,4508,6942.0
4133,4600
4136,4136,6391.0
4136,4884,8773.0
4139,4424,6978.0
4142,4262,6668.0
4143,4425,7151.0
4143,432,6080.0
4143,4431,6579.0
4146,4730
4148,4359,7144.0
4157,4613,6913.0
4160,1939
4161,4350,6568.0
4162,4112,6233.0
4162,4112,6953.0
4163,3617,6428.0
4164,3678,6231.0
4165,2386
4166,4455,6608.0
4166,5126
4173,4256
4174,4255
4175,4787,7719.0
4176,4286,6495.0
4184,4766,7371.0
4191,4451,6782.0
4191,4600
4195,4331,6560.0
4197,2104
4200,4200,7046.0
4201,4481
4203,1939,6684.0
4205,4747
4210,4309
4211,4313
4216,4216
4220,4603,6812.0
4221,4788,7846.0
4222,45
4224,3424
4225,4325
4226,4013,6662.0
4227,4326,6430.0
4228,4013,6430.0
4233,4565,6808.0
4235,4567,7432.0
4236,4317,6629.0
4236,4775,7479.0
4237,4750
4237,4750,7118.0
4238,4239,6980.0
4239,4722,7118.0
4242,4008,6691.0
4244,4406,6584.0
4244,4244
4244,1246
4248,4475,6746.0
4255,4366,6750.0
4255,5799
4260,4260
4264,6030
4265,4481,6692.0
4266,4324,6656.0
4268,4442,6622.0
4269,4266,6425.0
4269,4269,6530.0
4269,4324
4269,4324
4270,4270
4270,4270
4271,4446,7128.0
4271,5386,8112.0
4274,4666,7132.0
4279,4362,6539.0
4280,4589,7131.0
4284,5334
4286,4999
4289,4289
4293,2010,6789.0
4293,2010
4298,3412,8726.0
4302,6033
4307,4307
4311,4395
4313,4313
4316,4475,6651.0
4316,4316
4316,5687,8523.0
4320,4320,7305.0
4320,4539,7600.0
4320,5068,7644.0
4321,4523
4324,4324,6657.0
4324,4324
4325,4416
4326,5203,7747.0
4327,3980,6590.0
4329,4329
4330,4760
4331,4733
4334,4626,6866.0
4338,5712
4341,4406,6752.0
4344,4601,8358.0
4345,4601,8358.0
4346,4649,6876.0
4347,4649
4348,4637,7073.0
4348,4348,7073.0
4350,4560,6841.0
4358,4481,6793.0
4358,4794,7281.0
4359,4324,6761.0
4362,4454,6754.0
4363,4484,6650.0
4365,5181
4370,4465,6718.0
4372,4730
4374,4374
4375,4496,6686.0
4376,5088,7588.0
4378,4787,7090.0
4383,4383,6727.0
4383,4639,7050.0
4393,4555
4395,1
4405,4798,7471.0
4405,5617
4409,4757,7138.0
4413,4413
4417,4013,6663.0
4417,3350,7724.0
4419,4419,6800.0
4422,4600
4424,4720
4426,4730
4427,4495,8358.0
4428,4560,6841.0
4429,4566,6772.0
4431,4484,6799.0
4432,4582,8676.0
4433,4986,8358.0
4435,4435,7713.0
4435,4787,7212.0
4436,5319
4437,4990,7402.0
4440,4867
4441,4244,6797.0
4442,4442,6694.0
4442,4569,6776.0
4443,4443,6754.0
4445,4417,7271.0
4448,4511,6713.0
4453,4496
4457,4855,8296.0
4459,5182,7774.0
4461,4654
4462,4441,6723.0
4463,4558,7338.0
4467,4738
4470,4567
4471,4594,8052.0
4472,4647,7502.0
4473,4518,6692.0
4474,4474,7781.0
4474,5260,8253.0
4475,2010,6833.0
4477,4733
4478,5008
4479,4600,7030.0
4480,507
4484,4492,7502.0
4487,5504
4490,2010,6889.0
4492,5037
4497,4659
4499,4346,6663.0
4502,205,7151.0
4502,4962,8714.0
4504,4760,7326.0
4506,4565,6808.0
4508,4696,7303.0
4513,4565,6808.0
4515,4515,6781.0
4516,4668,7570.0
4517,4378,8358.0
4521,4117
4521,4117,7881.0
4523,4565,6808.0
4524,5397
4525,4525,6878.0
4525,5123,7859.0
4532,4901,7355.0
4535,4662
4537,4565,6808.0
4538,4631,7634.0
4539,5712
4540,4747
4548,5049
4555,4555,7680.0
4556,4661,7018.0
4558,4156,7884.0
4560,4626,7377.0
4560,5798
4561,5637
4563,4857,7223.0
4564,4730,7909.0
4567,4567,7432.0
4568,4626
4569,4673,6934.0
4569,4770,7138.0
4573,4707,7023.0
4580,4553,7172.0
4581,4435,7063.0
4583,4626,7025.0
4585,4689,7119.0
4586,5268
4587,4587,6917.0
4587,5361
4589,4589,7131.0
4589,4822,7183.0
4592,5888
4594,5449
4597,4696,7139.0
4599,4599
4600,4684,7431.0
4601,4658,7424.0
4602,4358
4604,3651
4604,4604,7159.0
4608,5776
4610,416
4617,4918
4620,4620
4621,4775
4622,5014,7549.0
4626,1,6957.0
4634,4985,7471.0
4639,4100
4643,4747,7767.0
4649,4649,7747.0
4649,4649,7747.0
4649,4868,8510.0
4650,5595
4652,4774
4654,4721
4656,4626,6866.0
4658,4658,7179.0
4661,4661,7955.0
4661,4661,8346.0
4663,5034
4666,4823
4673,4673,7067.0
4673,4771,7119.0
4674,1231
4675,6085
4684,4751,7030.0
4685,5618
4686,3913
4696,4866,7255.0
4698,4872,7418.0
4702,4780
4704,5014,7531.0
4706,4244,7199.0
4709,4835,7243.0
4714,4714,8437.0
4716,4905,7424.0
4719,5299
4722,4809
4725,5238
4726,4770,7215.0
4727,5080,8005.0
4730,322,7909.0
4736,4750
4742,4742,7461.0
4742,5053,7759.0
4743,5516,8425.0
4744,4744
4747,4560
4748,4800
4751,4872
4752,3412,7469.0
4754,322
4757,4757,7279.0
4759,4759
4760,4937,8734.0
4762,5876
4764,5054
4767,5712
4768,4768
4770,5846,8589.0
4770,1966,7767.0
4771,5586
4772,5684
4773,5089
4774,4774,8437.0
4774,5776
4776,4872,7543.0
4781,4820,7352.0
4787,4831,7204.0
4787,5057,7538.0
4788,4714,7495.0
4792,5085
4793,2600,7807.0
4794,4805,7235.0
4794,4968,7739.0
4807,4820,7208.0
4808,4820,7411.0
4812,4812
4816,4448,7268.0
4818,4951,7427.0
4819,4819,7294.0
4819,4448,7296.0
4819,4931,7334.0
4820,4867,7411.0
4820,4448,7239.0
4820,507,7337.0
4820,5207,7765.0
4820,5386,8097.0
4822,4950,8482.0
4825,5055,7597.0
4825,4906,7499.0
4826,5413,8451.0
4830,1966
4831,5410,8832.0
4832,1246,7349.0
4833,4885
4837,5448,8203.0
4838,5468,8358.0
4839,5474
4842,5039
4843,5117,8629.0
4846,4931,7608.0
4848,4848
4849,4405,8714.0
4855,4986,7709.0
4856,5175,8184.0
4858,4891,7578.0
4859,5224
4861,4863
4863,4863
4866,5001
4867,1143,7582.0
4867,4271,8015.0
4868,4868,7351.0
4868,4925,7923.0
4869,5960
4872,5014,7549.0
4874,1966,7877.0
4875,5206,8798.0
4876,5231,8278.0
4882,5811,8720.0
4887,5568
4887,5568
4887,5568
4891,5228,7923.0
4892,4960
4895,1646,7904.0
4899,4899,7847.0
4899,4899,7521.0
4899,4899,7521.0
4899,5314,7983.0
4900,4474,7762.0
4901,4901
4902,5708
4906,4166,7597.0
4909,5300,8058.0
4910,4917,7304.0
4910,4917
4911,4911,7677.0
4911,5168,7877.0
4912,4912,7324.0
4912,4912,7551.0
4912,4912,8540.0
4912,5014,7551.0
4912,5014,7987.0
4914,5014,7476.0
4914,5303,7950.0
4916,5593,8443.0
4922,5046,7538.0
4925,4925
4925,5609
4927,4939,7333.0
4930,5774
4931,4951,7353.0
4932,5133
4940,4940
4944,6033
4948,5140,7673.0
4950,5050,8050.0
4951,507
4955,5059,7538.0
4959,1335,8019.0
4960,4980,7798.0
4962,4962,7904.0
4962,4405,8206.0
4963,4963
4964,5712
4965,5141
4967,5449
4968,5448
4970,5040,7534.0
4971,4244,7729.0
4978,5224,7761.0
4980,4980
4982,5412,8046.0
4986,5712
4990,4990
4992,3350,8215.0
4995,507,7334.0
4996,4820,7508.0
5004,5114,7887.0
5014,5451
5020,5167
5022,5071,8182.0
5023,5080,7644.0
5024,5080,7904.0
5025,5338,7953.0
5026,5305,8384.0
5026,5026
5027,5414,8160.0
5028,5099,7723.0
5029,5334
5030,5030
5030,5513,8122.0
5031,5246
5033,322,7887.0
5034,5035,7539.0
5034,5195,7876.0
5034,5978
5035,5034,7599.0
5035,4405,8176.0
5036,5712
5037,5037,8231.0
5038,5971
5039,5039,8057.0
5039,5390
5040,4914,7744.0
5040,5453,8327.0
5043,5043,7820.0
5043,5043,8417.0
5043,5043,8069.0
5043,5465,8140.0
5046,5080,7644.0
5047,2010,8698.0
5048,5208
5049,5049
5049,5563
5050,5965,8803.0
5053,5053
5053,5950
5055,5161
5058,5416
5059,5068,7538.0
5062,5789
5063,2643,8055.0
5065,3911,8400.0
5066,5066,7583.0
5068,5408
5071,5071
5071,5414
5076,5358,8068.0
5077,5450,8540.0
5078,5174,7806.0
5078,5252,7817.0
5080,5197,7720.0
5080,5191,7808.0
5080,5409,8007.0
5081,5456
5083,5043,7820.0
5087,5390
5088,5293,8119.0
5093,5353
5094,5712
5095,5213
5097,5413
5098,5432
5106,5481
5107,5078,7942.0
5108,5689
5110,4405,8178.0
5113,5256,7874.0
5115,5349
5120,4271,7798.0
5121,5461
5122,5203,7845.0
5126,5461
5130,6000
5131,5909
5134,5790
5136,5314,7989.0
5140,5166,7739.0
5143,116,8075.0
5145,5080,7546.0
5145,5253
5146,5240,7847.0
5147,5078,7775.0
5155,5155,8041.0
5155,5155,7932.0
5155,5523,8141.0
5166,5164,7739.0
5169,5492
5174,5252,8155.0
5176,1104,7973.0
5186,5711
5187,5637
5190,5169,8099.0
5191,5080,7808.0
5193,4960,7835.0
5194,5746
5195,1177,8361.0
5199,5199,7910.0
5199,5409,8007.0
5200,5265,7830.0
5201,5202,7807.0
5202,5908,8646.0
5203,5800
5205,5523,8252.0
5207,4820,8097.0
5208,5857
5210,5163,7898.0
5214,5322,8358.0
5215,5322,8051.0
5219,5435,8452.0
5225,5500
5226,5364,8088.0
5231,5516,8125.0
5237,5261,7868.0
5239,5392
5242,5360,8083.0
5245,5348
5249,5314,7977.0
5250,5824,8835.0
5252,5391,8037.0
5253,5702,8560.0
5253,5253,8005.0
5253,5253,7888.0
5255,5350,7957.0
5256,6011
5257,5915
5261,5261
5262,5819
5267,116
5272,5359,8073.0
5275,5475,8310.0
5278,5267,7899.0
5281,5413
5284,5553
5286,5669
5290,5820
5296,5199,7926.0
5297,5297,7955.0
5297,5361
5302,5451
5303,5789,8540.0
5305,5669
5309,5480
5319,5712
5320,5461,8603.0
5321,5712
5322,5448,8110.0
5324,5346
5325,5748,8546.0
5326,5358,8084.0
5334,5704,8646.0
5337,5482
5338,5409
5342,5253,7910.0
5343,5253,7910.0
5347,5347,8590.0
5347,5891
5349,5687,8564.0
5350,5877
5352,5592
5354,5395
5359,5673,8509.0
5360,5674,8424.0
5362,5952,8773.0
5362,5362,8437.0
5364,5395
5365,5377,7992.0
5367,5367,8224.0
5367,5367,8224.0
5370,6031
5372,5648,8392.0
5373,5372,8669.0
5381,5541
5382,5709
5385,5641
5386,5782,8473.0
5387,5388,7985.0
5392,5665
5393,5936
5394,5559,8273.0
5399,5637,8305.0
5407,5585,8460.0
5409,5475,8168.0
5409,5475
5410,5534,8163.0
5410,5796,8771.0
5411,5587,8508.0
5412,5564,8560.0
5412,6062
5413,5381,7992.0
5413,5377,8121.0
5413,5797,8574.0
5413,5637,8299.0
5413,5560,8451.0
5413,5413,8280.0
5413,5635
5413,5781,8615.0
5413,5699
5413,5914
5413,5927,8709.0
5413,5931,8757.0
5413,5918,8628.0
5413,6040
5413,6028,8779.0
5413,6071
5416,5693,8351.0
5417,5654,8317.0
5418,5409
5418,5418,8073.0
5420,5925
5423,5395
5424,5387,7992.0
5424,5395
5428,5830,8596.0
5430,5892
5434,5395,8070.0
5435,5381,7991.0
5436,5395,8121.0
5437,5395,8355.0
5438,5395,8298.0
5441,5579,8196.0
5444,5412,8177.0
5446,5702,8832.0
5447,5589,8710.0
5448,5678
5450,5367,8329.0
5452,5687,8523.0
5453,5453,8390.0
5457,5433
5465,5530
5468,5712
5474,6013
5475,5475,8168.0
5475,5475,8314.0
5475,5790,8756.0
5480,5802,8476.0
5488,5614
5489,6002
5491,5491,8291.0
5492,5718
5493,5786
5494,6084
5495,5495
5496,5641,8343.0
5498,5842
5504,5739
5505,5505,8254.0
5505,5505,8635.0
5505,5505,8659.0
5505,5887
5506,5506,8254.0
5506,5925,8668.0
5507,5386,8187.0
5511,5618,8624.0
5512,5585
5514,5513
5515,5388,7992.0
5517,5629
5520,5698
5521,5521
5523,5523,8415.0
5523,5523
5530,5761
5531,5761
5532,5761
5533,5692,8411.0
5534,5475,8310.0
5536,5536,8829.0
5536,5536,8579.0
5537,5651,8374.0
5543,5543,8482.0
5543,5965,8693.0
5548,6057
5550,5839
5557,5475,8308.0
5558,5692,8811.0
5563,5904
5570,5773,8466.0
5572,5505
5579,5413,8821.0
5580,5766,8500.0
5581,5581,8416.0
5581,5760,8749.0
5582,5651,8336.0
5582,5582
5582,5996
5585,5795
5586,5827
5587,5475,8168.0
5588,5712,8638.0
5589,5979
5590,5702
5591,5971
5593,5675
5594,5818,8612.0
5595,5909,8730.0
5608,5729
5609,5909
5614,5852
5617,5475,8430.0
5618,5972,8778.0
5623,5605
5626,5741
5627,5637
5629,5629,8531.0
5630,5848,8615.0
5636,6042
5642,6011
5643,5989
5648,5863
5654,5930
5666,5897
5670,5670
5672,5774
5673,5409
5674,5469,8509.0
5678,5795
5686,5521
5687,5687,8564.0
5687,6003
5693,5908
5694,5675
5707,6063
5716,5900
5720,5720
5727,5727
5727,5757,8763.0
5746,5846
5749,5749
5760,5581
5768,5900
5769,5799
5776,6060
5781,6063
5786,6066
5796,5796
5796,6031,8772.0
5797,5881
5798,6070
5799,5799
5811,5811,8692.0
5811,5965,8803.0
5818,5909
5826,5885,8837.0
5831,6030
5835,5595,8612.0
5836,5783,8511.0
5841,5841
5845,5883
5861,5475,8807.0
5880,6055
5885,6081
5887,5887
5898,6072
5901,5978
5917,5904
5936,5894,8595.0
5937,5895,8680.0
5939,5982,8768.0
5965,5965
5966,5989,8808.0
5966,5966
5989,5966,8826.0
6003,6003
6017,6017
6028,6028
6041,6041
