2,2,25.0
2,2
2,17,89.0
3,6,17.0
3,4,10.0
3,4,10.0
3,4
3,3,24.0
3,3,30.0
3,3,9.0
3,3,587.0
3,3,28.0
3,3,1371.0
3,3
3,82,342.0
3,19,177.0
3,9,29.0
3,20,39.0
3,20,41.0
3,28,168.0
3,44,90.0
3,50,124.0
3,50,242.0
3,133,219.0
3,1754
3,122
3,947
4,3,22.0
5,13,141.0
5,658,1672.0
6,18,50.0
8,4,473.0
8,245
9,22,50.0
10,10
11,102
12,49,87.0
14,53,835.0
16,16,112.0
16,64,113.0
17,169,322.0
18,29,60.0
20,3
20,85
20,61,110.0
20,683,1124.0
20,659
21,21,50.0
21,21,68.0
21,21,101.0
21,21,93.0
21,21,109.0
21,21,316.0
21,21,368.0
21,21,1836.0
21,40,69.0
21,41,81.0
21,37,63.0
21,43
21,43,154.0
21,43,115.0
21,50,104.0
21,67,194.0
21,146,267.0
21,213,485.0
21,308,513.0
21,827,1494.0
21,581,1020.0
21,600,1940.0
21,1666,3071.0
21,875,2722.0
21,1945,3326.0
21,2328
21,1284,3766.0
21,3216,5629.0
27,2775
28,101,175.0
29,41,90.0
29,29,191.0
29,133
29,1677,2955.0
30,107,191.0
31,31,490.0
31,31,165.0
31,90,165.0
33,144,245.0
34,146,334.0
35,46,127.0
35,129,511.0
36,38,122.0
37,46,96.0
38,90,269.0
39,46,83.0
40,40
40,171
41,50,121.0
42,257
43,21,108.0
43,91,154.0
43,125,220.0
43,139,228.0
44,44,159.0
44,89,159.0
45,50,106.0
45,96,163.0
45,141,263.0
46,54,100.0
48,75,145.0
49,49,219.0
49,49,219.0
50,171
50,554,2668.0
55,153
56,80,1303.0
56,2334,4118.0
57,50,140.0
59,89,151.0
59,156,555.0
60,35,158.0
61,62,163.0
61,134,247.0
61,74,428.0
61,173,459.0
61,61,307.0
61,313,804.0
61,70,382.0
61,294,496.0
61,121,547.0
62,98,164.0
62,227,382.0
62,21,310.0
62,21,287.0
62,70,362.0
63,63
65,65,533.0
65,302
66,50,128.0
66,66,162.0
66,245,451.0
67,124,201.0
67,442,975.0
70,66,145.0
70,70,459.0
70,412
72,66,178.0
72,270
72,1036,2228.0
72,968
73,524
74,66,190.0
74,61,311.0
74,998,1611.0
74,1352,2285.0
74,1806,3180.0
75,138,575.0
75,158,346.0
78,80,194.0
81,130,321.0
83,88,201.0
83,181
83,1349,2869.0
83,1675,2873.0
83,852,3004.0
83,852,3247.0
83,83
83,2410,4310.0
83,2277,4398.0
84,117,230.0
85,98,329.0
87,87,208.0
87,43,420.0
87,211,420.0
88,126,208.0
88,188,306.0
88,88,781.0
88,88,781.0
88,658,1012.0
88,489,1504.0
88,503,991.0
88,655,1177.0
88,875,1507.0
88,298,1603.0
88,4046
88,1202,1995.0
88,1353,2425.0
88,21,3399.0
89,197,748.0
91,380
92,2159
93,122
94,129,265.0
95,87,259.0
95,769
96,853,1839.0
97,141,850.0
97,66,178.0
97,382,1124.0
98,98,218.0
98,61,247.0
98,294,496.0
99,133,490.0
100,1125,3657.0
104,1330,2706.0
105,21,257.0
106,143,250.0
106,139
108,74,284.0
108,183,359.0
109,147,243.0
110,623,1523.0
112,1566,2724.0
114,124,342.0
115,125,228.0
116,2299,4341.0
119,1703
120,106,201.0
121,131,272.0
121,166,382.0
121,554
121,121
121,121,726.0
121,121
121,378,1301.0
121,483,1269.0
122,146,232.0
122,146,380.0
122,378,3533.0
123,156,425.0
125,124,505.0
126,124,347.0
127,212,349.0
127,277,554.0
128,128,309.0
128,173,308.0
128,70,392.0
129,740
130,196,401.0
130,1284,2094.0
131,236,547.0
132,176,320.0
133,240,490.0
133,174,404.0
133,437,2239.0
134,173,329.0
134,189,315.0
135,162,342.0
137,21,277.0
137,21,221.0
137,21,610.0
137,186,376.0
137,386,776.0
137,417,963.0
137,525,1016.0
138,385,2250.0
138,789,1271.0
139,139,292.0
139,233,438.0
140,182,345.0
140,209,386.0
140,140,661.0
140,140,565.0
140,276,446.0
140,229,681.0
140,843,1361.0
140,709
141,141,576.0
141,183,481.0
142,267,697.0
142,259
143,143,417.0
143,70,365.0
145,183,481.0
146,146,277.0
146,146,285.0
146,21,303.0
146,375,825.0
146,683,1351.0
147,329,519.0
150,87,515.0
150,140,613.0
150,389,725.0
151,137,222.0
152,139
153,248,457.0
154,297,490.0
154,701,1094.0
154,1607
155,128,315.0
155,313,869.0
156,337,1849.0
157,193,347.0
158,21,336.0
158,21,346.0
158,658,1410.0
159,179,313.0
160,516
162,207,851.0
163,273,540.0
163,1916
166,61,392.0
167,263,1633.0
168,289,473.0
169,1371
169,169
169,1466,5208.0
174,302,3276.0
175,273,533.0
176,150,1161.0
178,21,292.0
178,181,413.0
178,140,468.0
178,178,793.0
178,178,793.0
178,178,792.0
179,190,440.0
179,190,500.0
179,795,1439.0
180,544
180,1403,2430.0
181,181,399.0
181,181,583.0
181,181,517.0
181,181,1330.0
181,181,1119.0
181,181,2015.0
181,181,1876.0
181,181,1876.0
181,181,1550.0
181,181,2082.0
181,178,413.0
181,178,958.0
181,497,824.0
181,329,770.0
181,329,592.0
181,295
181,298,2094.0
181,298,1547.0
181,599,1305.0
181,454,1315.0
181,968,1547.0
181,83,2879.0
182,272,3171.0
183,290,463.0
184,1371
186,21,854.0
186,311,517.0
188,188,320.0
188,195,371.0
189,70,398.0
190,190,440.0
190,137,440.0
190,137,812.0
190,658,1004.0
190,721,1425.0
191,241,440.0
191,190,551.0
192,192,491.0
192,186,491.0
192,432,828.0
192,1026,3664.0
193,186,491.0
194,233
194,578,1075.0
194,310,1749.0
195,186,403.0
196,246,586.0
197,471,748.0
197,277,554.0
199,412
200,302,3865.0
200,2570,4447.0
201,186,378.0
203,183,575.0
204,249,427.0
204,249,486.0
204,732,1222.0
204,642,1073.0
204,734,1713.0
204,886,1713.0
205,205,520.0
205,121
208,577,1522.0
209,367,872.0
211,568,1189.0
212,277,561.0
213,392,1962.0
214,214,363.0
215,284,540.0
216,273,579.0
216,216,1070.0
216,697,3272.0
218,424
220,220,2173.0
220,455,728.0
220,1686
221,291,632.0
222,439,727.0
222,522,5663.0
223,223,1519.0
223,554,1193.0
223,1129,2617.0
224,224,492.0
224,234,848.0
225,302
226,391,799.0
226,226,1143.0
226,703,1159.0
226,1284,2343.0
227,227
228,779
228,150,577.0
229,229,681.0
229,420,773.0
230,627,1868.0
231,2055,4409.0
232,232,519.0
232,234,1000.0
232,137,818.0
233,291,505.0
234,581,983.0
236,320,548.0
237,272,731.0
238,238,1109.0
238,543,1332.0
238,774,1390.0
238,2920
239,616
240,154
240,1138
240,3813
240,1485,3920.0
241,321,706.0
242,147,574.0
242,417,2535.0
243,327,1192.0
244,465,717.0
245,554,1158.0
246,314,1672.0
247,328,624.0
247,247,413.0
247,247,644.0
247,489,784.0
247,489,784.0
247,418,1209.0
247,841,1772.0
247,88,2335.0
247,1161,3242.0
253,338,534.0
254,5,1672.0
255,318,531.0
258,238
259,259
259,774,1277.0
260,260,2322.0
260,260,2058.0
260,260,3399.0
260,260,3389.0
260,260,4387.0
260,260,3389.0
260,1418
260,266,2067.0
260,1444,2669.0
260,2633
264,524,1743.0
266,150,654.0
266,1198,1939.0
266,21,2653.0
267,267,752.0
267,658,1195.0
268,1286
270,304,1144.0
272,140,681.0
272,310,1730.0
272,272,1243.0
273,708,3695.0
274,277,561.0
275,365,710.0
275,355,2340.0
276,392,1060.0
277,361,561.0
278,367,652.0
279,658
280,562,872.0
280,280,998.0
280,280,1539.0
280,1205
281,281,565.0
281,281,724.0
281,288,889.0
281,288,1312.0
281,464,1079.0
282,557,1145.0
283,524
283,524,848.0
285,554,2228.0
287,146,825.0
288,366,566.0
288,515,888.0
288,952,2223.0
289,554
290,290,735.0
290,290,459.0
290,290,1154.0
290,290,1154.0
290,524,1073.0
290,888,1443.0
290,888,1488.0
291,554,972.0
292,329,558.0
292,292,4388.0
293,554,914.0
294,554,869.0
295,298,475.0
295,295,801.0
295,295,884.0
295,295,1403.0
295,295,1750.0
295,295,1951.0
295,295,1951.0
295,295,2801.0
295,295,3926.0
295,178,793.0
295,572,884.0
295,503,991.0
295,1285,2354.0
295,1285,2101.0
295,1285,2174.0
295,1455
295,1492,2987.0
295,2353,6639.0
295,2353,4183.0
295,1530,3236.0
295,1334,3371.0
295,1946,3390.0
295,2174
295,2277,4679.0
295,2277,4065.0
296,296,476.0
296,374,596.0
296,374,596.0
297,554
298,298,477.0
298,298,581.0
298,298,600.0
298,298,600.0
298,298,951.0
298,298,950.0
298,298,990.0
298,329,567.0
298,137,600.0
298,295,660.0
298,489,802.0
298,21,952.0
298,518,802.0
298,583,949.0
298,703,1098.0
298,739,1306.0
298,739,1443.0
298,517,1136.0
298,907,1633.0
298,965,1657.0
298,1606,3021.0
299,329,585.0
300,329,604.0
301,329,1000.0
307,204,732.0
308,298,477.0
308,295,1269.0
309,554,1158.0
310,329
310,1190,1942.0
310,1125,2066.0
311,383,630.0
312,329,708.0
313,412,825.0
313,2364,4385.0
314,554
314,329,601.0
314,756,1332.0
314,571,1069.0
314,900,1657.0
314,1453,2850.0
314,83,2879.0
314,1797,3442.0
314,314,3041.0
315,557
316,137,610.0
316,851,1379.0
317,541,968.0
318,373,778.0
318,658,1016.0
318,1871,3570.0
319,531,1356.0
320,471,804.0
320,893,1519.0
320,2093
321,417,706.0
321,495,807.0
321,1335,2483.0
321,321,1890.0
322,658,1023.0
323,323,2258.0
323,2225
325,563,862.0
325,83,2628.0
326,554
329,329,589.0
329,536,902.0
330,408,848.0
330,715,3846.0
332,282,568.0
339,318,1000.0
339,1230,2786.0
339,2026,3492.0
339,2130,3928.0
341,1918
342,338,673.0
343,633,1096.0
344,344,1059.0
344,554,1744.0
345,524,1452.0
346,349,564.0
346,528,853.0
347,399,1795.0
348,658,1085.0
348,708,1352.0
349,366,565.0
349,21,2499.0
352,363,563.0
353,524,848.0
354,554
355,362,702.0
355,857,1495.0
355,2496
355,1862,3872.0
357,550,848.0
358,1089
359,2510,4446.0
361,363,562.0
362,857,1492.0
363,574,1343.0
364,857,1492.0
365,275,1774.0
365,461,875.0
367,367,768.0
367,367,715.0
367,367,936.0
367,709,1538.0
368,585,889.0
369,834,1372.0
370,1110
371,1112
372,314,1069.0
372,1648,3651.0
372,1648,2864.0
373,318,826.0
373,1334,2473.0
373,1828,3129.0
373,2428,4150.0
374,556,1269.0
374,374,596.0
375,375,1269.0
375,554
376,549,1823.0
376,724,1298.0
377,554,2879.0
378,633,1269.0
379,389,782.0
379,21,902.0
379,2329,4221.0
380,2530
380,2530
380,2530
380,380,2632.0
380,380,1816.0
380,380,2245.0
380,380,2684.0
380,380,3340.0
380,380,3340.0
380,380,4261.0
380,923,1580.0
380,739,1702.0
380,1584,2670.0
380,3312,5467.0
380,238,3818.0
380,2410
381,298,730.0
382,554
383,581,970.0
383,429,2454.0
383,1496,2546.0
384,491,789.0
384,938,1752.0
384,884,1423.0
384,384,3327.0
384,1675,4272.0
385,751,1271.0
386,486,756.0
386,579,984.0
387,295,753.0
388,540,1923.0
392,906,1810.0
393,503,991.0
394,851,1414.0
394,321,1629.0
395,395,646.0
399,557,1216.0
400,395,612.0
400,648,1195.0
401,281,787.0
401,586,938.0
402,409,1000.0
403,329,598.0
403,517,1076.0
404,329,603.0
404,978,1886.0
405,474,883.0
406,658,1205.0
407,325,1000.0
408,290,972.0
409,409,1000.0
409,1054,5885.0
410,298,725.0
411,658
412,1556,2675.0
413,458,802.0
414,1810
415,491,789.0
415,594,967.0
415,415
415,658,2000.0
416,556,1269.0
417,88,819.0
417,525,1170.0
417,518,1423.0
417,778,1213.0
417,647,1821.0
417,543,1740.0
418,450,995.0
418,247,3144.0
419,554,1829.0
420,507,803.0
420,74,1604.0
421,458,789.0
422,1283,2239.0
424,554
425,425,719.0
425,425,719.0
427,458,837.0
428,479,821.0
429,137,736.0
429,839,1389.0
429,969,1571.0
429,848,1338.0
429,1288,2117.0
429,429,2302.0
429,1364,2888.0
429,2257,3973.0
430,368,682.0
431,314,831.0
432,432,1442.0
432,779,1891.0
433,900,1950.0
434,497,891.0
435,484,920.0
436,574
437,437,1005.0
437,437,2828.0
437,702,1247.0
437,1515,2828.0
437,2348,5514.0
438,1110
439,554,1397.0
439,439,1044.0
439,683,1468.0
440,495,894.0
440,440
440,1193,2213.0
440,1584
440,521,5358.0
441,658,1293.0
441,1314,2126.0
443,618,1113.0
444,966,3333.0
444,837,3694.0
446,318,954.0
446,765,3233.0
447,799,1369.0
449,3164
450,450,775.0
450,247,1054.0
450,418,1287.0
454,482,940.0
454,181,1551.0
454,181,1551.0
454,2466
455,986
456,461,925.0
458,690,1137.0
458,934,1964.0
458,1364,2754.0
459,459
459,726,3609.0
460,516,947.0
461,461,925.0
461,613,1774.0
463,693,1084.0
464,585,889.0
464,288,1237.0
465,465,4424.0
465,3125
465,2772,6517.0
466,298,1243.0
467,280,930.0
467,401,890.0
467,1205,2222.0
468,467,1217.0
471,471,1300.0
471,290,975.0
472,493,982.0
472,1284,2306.0
472,1447,2419.0
472,472,2681.0
472,298,2969.0
472,1756,3339.0
473,554,1520.0
474,581,1820.0
475,486,892.0
476,554,3614.0
477,100
477,554
477,1448,2501.0
477,477,2211.0
477,1295
477,1354,4057.0
478,1123
479,683,1091.0
479,733,2124.0
480,480,873.0
480,295,873.0
480,691,1076.0
480,599,1640.0
480,1115,1844.0
481,554,1494.0
482,88,1109.0
482,769,1206.0
482,658,1603.0
482,1163,2841.0
483,592,1468.0
484,484,1024.0
484,607,1069.0
484,1816,3236.0
485,658,3823.0
486,636,1019.0
487,226,807.0
488,754,1173.0
489,489,1259.0
489,83,1713.0
489,734,1260.0
490,88,1026.0
490,907,2848.0
490,372
490,1317,3625.0
490,3699,6304.0
491,686,1120.0
492,1125,2274.0
493,648,1045.0
493,454,1499.0
494,272,1692.0
495,721,1143.0
495,774,1390.0
496,875,2066.0
496,2028,4509.0
496,1638,3157.0
496,2378,4242.0
497,571,1094.0
497,531,1889.0
498,857,1761.0
502,502
503,503,1808.0
503,503,1808.0
505,460,783.0
505,1849,3166.0
505,2334,4524.0
506,506,1123.0
506,506,1718.0
507,523,929.0
508,490,1448.0
509,450,995.0
509,878,1671.0
510,660,1247.0
511,658,1164.0
512,88,1161.0
513,764,1468.0
514,689,1209.0
515,622,1086.0
516,518,902.0
516,703,1102.0
516,517,1136.0
516,429,2162.0
517,517,1105.0
517,517,2395.0
517,482,1189.0
517,298,2195.0
517,850,1374.0
517,1167,2000.0
517,2664,5667.0
518,295,801.0
518,630,1030.0
518,272,1176.0
518,703,1181.0
518,429,1387.0
518,429,2072.0
518,887,1418.0
518,1135,1847.0
518,768,2412.0
518,1594,2653.0
518,875,2769.0
518,1148,2806.0
518,1763,3163.0
519,582,900.0
520,609,1359.0
520,314,2381.0
521,855,1437.0
521,521,5358.0
521,3311
522,906,1636.0
522,1029,4011.0
523,3,1078.0
524,290,1055.0
524,320,1114.0
525,137,957.0
525,638,1205.0
525,525,1353.0
525,776,1386.0
525,935,2206.0
525,880,1630.0
525,770,2094.0
526,600,1772.0
528,280,890.0
529,658,1149.0
531,1933
531,1933
531,654,1117.0
531,654,1211.0
531,654,2015.0
531,654,2714.0
531,531,1423.0
531,531,1742.0
531,531,2237.0
531,1220,2699.0
531,2344,4747.0
532,601,1029.0
532,3425,6751.0
534,600,1673.0
535,554
536,298,902.0
537,675,1036.0
538,531,1087.0
539,525,1353.0
540,900,2471.0
541,21,886.0
543,298,1196.0
543,518,1389.0
543,776,1734.0
543,987,1773.0
543,1284,2209.0
543,1589,2940.0
543,1676,2911.0
543,2367,4198.0
543,2584,6413.0
548,554
549,717,1225.0
550,554
551,810
555,555
555,1152
556,889,1468.0
557,557,1517.0
557,1205,2596.0
559,1248
562,280
565,565
566,857
567,613
568,636,1000.0
568,1467
568,1334,3849.0
568,2626,4788.0
569,554
570,3761
571,1809,3354.0
572,272,1077.0
573,691,1134.0
573,330,3941.0
574,857,1494.0
578,701,1341.0
579,1301
580,582,923.0
581,1044,1820.0
581,1044,1820.0
582,716,1111.0
583,824,2862.0
584,1370
585,586,1079.0
585,1563,2834.0
586,585,1538.0
587,1816,3620.0
587,691,1074.0
588,88,953.0
590,590,3865.0
592,592
593,572,884.0
594,582,904.0
594,599,1031.0
594,599,1305.0
594,1109,1912.0
594,1115,1862.0
594,1230,2491.0
594,2460,4609.0
594,1284,4181.0
595,595,1632.0
595,708,1308.0
596,596,1639.0
597,1284,2383.0
598,298,1174.0
599,582,916.0
599,599,1640.0
599,599,2356.0
599,990,1640.0
599,2042,3729.0
599,2021,3508.0
599,543,4295.0
600,600,1429.0
600,1242,2071.0
600,3346,5587.0
600,822,1581.0
600,887,2066.0
601,2260
602,727,1131.0
603,594,1827.0
604,1755
605,298,1076.0
605,1305,2190.0
606,454,3475.0
606,652,1151.0
606,749,1187.0
606,900,1546.0
608,741,1672.0
609,194,1359.0
609,968,2240.0
610,295,1248.0
610,846,1358.0
610,2188,3806.0
611,1167,1913.0
612,1625
612,612,2131.0
613,857,1492.0
613,355
613,931,2295.0
615,1687
618,573,1236.0
618,618
618,618,1703.0
618,618,1704.0
618,618,1791.0
618,618,2096.0
618,1302,3120.0
619,770,1227.0
619,770,1353.0
620,290,1507.0
622,467,1267.0
623,518,1020.0
623,518,1080.0
623,623,1020.0
623,650,1027.0
623,804,1302.0
623,429,1387.0
624,181,1115.0
625,774,1344.0
626,572,884.0
626,1023,2175.0
627,1154,1872.0
628,596,1639.0
629,516,1531.0
630,298,951.0
630,739,1167.0
631,779,2587.0
631,774,1390.0
632,503,1083.0
633,831,1522.0
633,831,1411.0
635,226,1080.0
636,74,1462.0
637,698,1105.0
637,637,1071.0
638,638,1165.0
638,638,1205.0
638,863,1393.0
638,884,2701.0
640,832
641,641,1235.0
641,797,1433.0
642,642,1073.0
643,643
644,415,1305.0
644,644,1402.0
644,240,2432.0
645,938,1650.0
646,646,2808.0
646,1027,1990.0
646,1455
647,647,1186.0
647,417,1496.0
647,1289,2143.0
648,703,1190.0
648,942,1578.0
649,791,1777.0
650,753,1389.0
651,489,1321.0
651,965,1631.0
652,623,1458.0
653,517,1544.0
653,653,1544.0
653,480,2103.0
654,280,2596.0
654,531,1584.0
654,531,2699.0
654,654,1809.0
654,654,2015.0
654,654,4081.0
654,2369,4097.0
656,657,1287.0
657,509,1489.0
659,477,2620.0
660,2070,3651.0
661,1036,1813.0
662,606,964.0
662,606,989.0
663,641,1106.0
663,658,1601.0
665,606,1122.0
665,779,1504.0
665,1223,1980.0
665,1354,2502.0
666,606,1152.0
667,653,1246.0
668,74,1286.0
670,670,1124.0
670,1143
671,671
672,1630
673,1020,1669.0
673,1844,3323.0
674,674,1322.0
674,842,1546.0
675,702,1428.0
675,675,1813.0
675,437,1950.0
675,2305,4315.0
676,699,1140.0
677,795,1441.0
678,1266,2631.0
680,1700
681,1086
683,768
684,707,1086.0
689,689,2189.0
689,1027,1772.0
690,2579
691,1426
695,1371,3654.0
697,1441,3272.0
698,194,2277.0
698,1007,2244.0
698,698,2783.0
698,2485,4240.0
699,915,1721.0
699,915,2965.0
699,1113,2059.0
699,834,2275.0
699,2319,4296.0
699,3174
701,194,1749.0
701,1435
702,1004,1620.0
703,83,1534.0
705,2124,4034.0
707,836,1795.0
708,708,2658.0
709,1290,4050.0
709,709,1432.0
709,709,2659.0
709,585,1798.0
709,140,1974.0
709,2502
711,724,1277.0
712,194,1615.0
714,893
715,429,1487.0
715,715,3941.0
715,2278,4254.0
716,599,1323.0
717,658,1504.0
717,977,1878.0
717,779
717,1945,3357.0
719,658
720,720,1423.0
720,720,1334.0
720,720,3344.0
720,1014,1818.0
720,1284,2343.0
720,973,3344.0
720,2030,3692.0
721,658,1471.0
722,2253
722,1492,2523.0
722,247,5418.0
722,1784,3965.0
723,726,1316.0
724,819,1297.0
725,599,1305.0
726,897,1446.0
726,1397,3063.0
726,2674,5342.0
727,517,1136.0
728,768,1300.0
729,1149,5517.0
730,454,1332.0
731,739,1358.0
731,1717,3520.0
733,733
734,853,1713.0
734,886
734,734
735,735
735,735,6685.0
736,658
737,181,1690.0
739,440,1446.0
739,517,1136.0
739,739,1389.0
739,298,1443.0
739,882,1979.0
739,429,2070.0
739,1790,3731.0
741,295,2061.0
746,1597
747,181,1122.0
747,1294,3700.0
748,1074,3797.0
749,739,1151.0
750,623,1587.0
751,594,2511.0
751,751,3352.0
751,751,4048.0
751,2338
752,752,1470.0
752,883,1400.0
752,731,3552.0
753,83,1625.0
754,440,1365.0
754,739,1306.0
755,599,1433.0
756,658,1808.0
757,1108
758,798,1487.0
758,987,1939.0
758,1526,3243.0
759,658,1476.0
759,698,2122.0
760,454,1423.0
761,945,1536.0
761,822,1664.0
762,943
763,876,1503.0
763,1141,1933.0
763,1125,1848.0
763,954,6007.0
764,764,1417.0
764,310,1804.0
765,867,1364.0
766,863,1855.0
767,779,1213.0
767,1655,2790.0
768,518,2763.0
769,658,2109.0
770,879,1412.0
770,770,1821.0
771,851,1423.0
772,658
774,774,1688.0
774,658
775,100,2461.0
776,880,1412.0
776,1132,1881.0
776,776,1917.0
776,776,2480.0
776,776,3478.0
776,776,3492.0
776,776,3596.0
776,776,4177.0
776,1148,2066.0
776,1428,2414.0
776,1540,2654.0
776,945,2780.0
776,2187,3794.0
776,2214,3842.0
776,2887,4976.0
777,1014
778,778,1350.0
778,778,1350.0
779,867,1364.0
779,1218,2092.0
779,1125,1821.0
779,1125,2526.0
779,1502,2543.0
780,863,2456.0
782,653,2103.0
785,952,1538.0
786,1244,3880.0
787,846,1423.0
790,790,1424.0
790,790,1424.0
790,2518
791,1352,3139.0
791,1296
792,770,1200.0
792,2191,4291.0
793,775,1423.0
793,1289,3897.0
794,739,1395.0
795,658,1471.0
795,658
795,795,5052.0
795,795,1441.0
795,1487,2492.0
796,658,1569.0
797,641,1305.0
798,518,1430.0
798,496,2265.0
798,1023,1838.0
798,1314,2119.0
799,799,1372.0
799,855,1977.0
800,480,1305.0
801,882,1423.0
802,618,2165.0
803,133,1813.0
804,1249,2524.0
805,998,4716.0
806,834,1319.0
806,951,1959.0
807,658
808,983,2624.0
808,429,2067.0
808,1969,4019.0
811,83
812,931,2317.0
813,1322
819,658,1533.0
820,820
821,3431
822,845,1363.0
822,950,1575.0
822,950,1663.0
822,887,1773.0
823,658
824,658,1603.0
825,799,1372.0
826,887,1543.0
828,355,6014.0
829,2871
831,1665,3038.0
831,1845
834,989,1727.0
834,1113,1802.0
834,834,2275.0
834,1550,3176.0
834,1442,2572.0
834,2416,4557.0
835,1002,3272.0
836,2687
837,837,1795.0
837,837,2146.0
837,1370,4345.0
837,3794
839,1127,2379.0
840,1059,1802.0
840,1552,2588.0
840,840,3256.0
840,2177,3973.0
840,2292,4049.0
841,247,2010.0
842,947,1546.0
842,968,2529.0
843,909,1548.0
844,130,1531.0
844,1758,3125.0
845,1000,2419.0
846,1138,1924.0
846,599,2395.0
846,846,2168.0
847,847,2451.0
847,847,2451.0
847,847,2451.0
847,1594,2857.0
847,2347,4284.0
848,848,3492.0
848,429,2140.0
849,849,1790.0
849,934,1843.0
850,1129
850,1129,3301.0
851,1014,1735.0
852,1091,2107.0
852,852,3547.0
852,852,3004.0
852,2086,3938.0
853,734,2359.0
854,1018,2808.0
855,855,1729.0
855,112,2600.0
856,1466,2408.0
858,1349
859,2166,3751.0
859,2481,4288.0
860,1222,2682.0
860,3518,5850.0
861,1167,1913.0
863,863,1415.0
863,83,2490.0
863,1535,2736.0
864,659,3800.0
865,865
866,1443,2370.0
866,1443,2662.0
866,866,2102.0
866,866,1856.0
866,1288,2172.0
866,969,3440.0
867,518,1572.0
867,1026,1739.0
867,1218,2207.0
867,867
867,867,3351.0
867,867
867,867,3351.0
867,867
868,482,1790.0
869,1335,2617.0
870,247,2288.0
872,1045,2175.0
873,1108
874,851,1529.0
874,1148,1917.0
874,874,2434.0
874,874,3152.0
874,929,2417.0
874,1230,3055.0
875,885,1507.0
875,781,1693.0
875,88,1938.0
875,875,2425.0
875,875,3537.0
875,429,2067.0
875,1353,2377.0
875,1427,2673.0
875,1148,2822.0
875,1161,3242.0
875,1455,3725.0
876,779,1527.0
877,1027,3140.0
879,1020,1646.0
880,880,1565.0
880,543,2066.0
881,900,1587.0
881,1164,2367.0
881,1120,1876.0
882,1079,2091.0
882,912,2155.0
883,822,1664.0
884,978,1630.0
884,1350,2261.0
884,1146,2395.0
884,1460,2519.0
884,884,3473.0
884,1485,4338.0
885,88,1603.0
887,429,1345.0
887,429,2072.0
887,822,1773.0
887,1023,1939.0
887,600,2066.0
887,21,2544.0
887,1865,3680.0
890,960,1609.0
891,1533,4424.0
893,320
894,981,1793.0
895,1020,1646.0
895,770,1712.0
895,1488,3861.0
896,1816,4293.0
897,459,2204.0
899,1370
900,623,1423.0
900,1429,2471.0
901,1456,4029.0
902,1045,1886.0
902,902,2977.0
902,2119,4296.0
903,903,1587.0
903,480,1844.0
904,976,1739.0
904,1170,2956.0
905,900,1662.0
905,1456
906,380
907,88,2297.0
907,1479,2743.0
907,1606,2743.0
907,1816,3086.0
907,1650,2791.0
909,735,1649.0
909,1145,1859.0
910,972,1810.0
912,1515,3366.0
912,429,2219.0
912,1045,2479.0
913,1810,4111.0
915,948,1516.0
915,989,1597.0
915,1281,2235.0
915,834,2360.0
915,1623,2741.0
915,1902,3253.0
915,2603,4557.0
916,1047,1715.0
917,900,1526.0
917,429,2177.0
918,951,2334.0
918,1424,2580.0
920,1434,2350.0
923,380,1926.0
924,924,2536.0
924,924,2648.0
924,924
926,516,2253.0
927,1059,1732.0
928,927,1513.0
929,965,1663.0
929,429,2072.0
929,1664,3115.0
929,1485,3551.0
930,140,1892.0
931,931,2295.0
931,2064,3882.0
932,2612
932,2612
932,739,4361.0
932,3735
933,845,1790.0
934,934,1908.0
934,88,2212.0
935,894,1521.0
935,895,1666.0
936,859,1663.0
937,937,1930.0
937,937,2154.0
937,1331,2547.0
939,2196
942,472,2419.0
943,1751
944,83,1820.0
944,1125,2138.0
944,1675,4333.0
944,1702,5383.0
945,776,1687.0
945,1857,4291.0
948,1114,2081.0
948,948,3066.0
948,948,4123.0
948,2410
950,1153
950,1578,2937.0
951,1062,2252.0
952,837,2596.0
953,1296,2970.0
953,2307
954,1222,2617.0
954,1777,3055.0
954,1805,3154.0
954,1978,3390.0
954,1346,3794.0
957,373,2617.0
958,1275
959,981,1993.0
960,1145,2055.0
960,1160,1889.0
962,1108,1993.0
963,3357
966,1364,3941.0
968,986,1657.0
968,1127,1857.0
968,1127,3063.0
969,988,1793.0
969,988,2426.0
969,1214,2337.0
969,1108,1963.0
969,969
969,1967,3440.0
970,1506,3192.0
972,972,1969.0
972,972,2891.0
972,1304,2204.0
973,1284,2166.0
973,2137,4068.0
973,2356,4797.0
974,974,2038.0
974,974,1934.0
974,429,3009.0
975,1125,2113.0
976,779,1822.0
976,543,1820.0
976,1125,1821.0
977,954,1978.0
977,1284,3766.0
978,978,2395.0
978,1373,3057.0
979,1117,2246.0
979,1882
979,2037,3788.0
980,1229,2004.0
981,1108,2247.0
981,981,2300.0
981,981,2332.0
981,981,2410.0
981,1288,2301.0
981,1495
983,88,2167.0
985,1141,2156.0
985,1307,2396.0
986,1816
986,1127,2219.0
986,1127,2508.0
986,1790,3076.0
986,505,4585.0
986,3540
987,543,1773.0
987,1198,2058.0
987,987,1939.0
987,266,2066.0
987,1361,2312.0
987,1361,2287.0
987,887,2503.0
987,1508,2571.0
987,1594,3033.0
987,1959,3425.0
987,2330,4343.0
988,988,2154.0
988,21,2468.0
989,1906,3553.0
989,1802,3889.0
989,3432,6054.0
991,3426
993,779
994,915,2888.0
995,995,4961.0
995,3050,5639.0
997,310,2055.0
998,998,1647.0
998,998,2170.0
998,998,2170.0
998,74,2194.0
999,867,2214.0
1000,1000,1925.0
1000,1000
1000,1455
1000,2336
1001,1180,2150.0
1001,1519,4057.0
1002,1111
1003,985,1585.0
1004,875,1660.0
1006,1144,1912.0
1006,1645,3212.0
1007,969,1641.0
1007,295,3049.0
1007,2784
1008,295,1954.0
1009,1052,1889.0
1010,1273,2177.0
1011,1011,2856.0
1012,698,2396.0
1012,1128,3028.0
1012,1613,4692.0
1013,1013,2342.0
1013,1013,2343.0
1013,2148
1013,3344
1014,1076,1818.0
1015,912,2067.0
1015,1801,3128.0
1016,1109,1855.0
1016,1219,2337.0
1017,2453
1019,3023
1020,779,1907.0
1022,1148,1881.0
1022,1289,2291.0
1023,1167,1913.0
1023,887,1852.0
1023,600,2066.0
1023,21,2414.0
1023,21,2546.0
1024,972,2085.0
1025,1191,1930.0
1027,1027,2391.0
1027,1027,2652.0
1027,1785,3114.0
1027,1981,3398.0
1027,2462
1028,1192,4256.0
1029,1029,2215.0
1029,1029,2853.0
1029,522,3844.0
1029,2693
1030,1203
1030,2808,4894.0
1031,720,2068.0
1033,247
1034,1444,3339.0
1036,1371,2845.0
1037,100,3094.0
1038,1374,2729.0
1040,900,1923.0
1041,2862,6327.0
1042,240,2260.0
1044,1125,1843.0
1045,480,1862.0
1045,874,2487.0
1045,1662,2828.0
1045,1662,2867.0
1045,505,3688.0
1045,2362,4219.0
1045,2186,4177.0
1045,2365,4079.0
1045,2174,3990.0
1046,295,2122.0
1048,1556,5350.0
1050,1145,2213.0
1050,543,1740.0
1051,1078,1858.0
1052,1182,1936.0
1053,1199,1941.0
1055,1565,3350.0
1056,1056,1908.0
1056,1056,1850.0
1057,2095,5635.0
1058,2578
1059,1235,2002.0
1061,1109,1984.0
1061,2261,4227.0
1062,1158,2059.0
1062,1388,2576.0
1062,1996
1063,1113,1802.0
1064,1057,3948.0
1064,3162,5342.0
1065,1149,3580.0
1066,1264,2308.0
1068,834,2046.0
1069,1684,2889.0
1069,1714,3196.0
1070,1098,2299.0
1070,3185
1073,543,1740.0
1073,1170,3500.0
1074,543,1740.0
1074,2337,4841.0
1075,543,1740.0
1076,2030
1078,1208,3702.0
1079,1934
1080,1080
1081,1816
1081,1816
1084,1125,2074.0
1085,92
1086,779,2618.0
1091,83,3247.0
1092,1167,2356.0
1092,1077,2239.0
1094,2141
1095,88,1802.0
1096,781,1788.0
1097,698,2337.0
1097,2131,4044.0
1098,1098,2035.0
1098,429,2299.0
1099,1358,3096.0
1100,1809
1104,1403,2900.0
1105,1236,2330.0
1107,1107,4553.0
1107,1551,2860.0
1108,1288,2169.0
1109,1429,2352.0
1110,1290,5150.0
1111,1916
1112,1292
1113,3437
1114,1114,3403.0
1114,1990,3890.0
1115,1325
1115,1340,2195.0
1117,2659,6014.0
1118,1118,2085.0
1118,1934,3475.0
1120,1447,2489.0
1121,1371,2986.0
1122,380,2671.0
1124,1125,5998.0
1125,1284,2090.0
1125,1125,2128.0
1125,21,2646.0
1125,21,2414.0
1125,2085,3964.0
1125,1526,3497.0
1126,1125,2093.0
1127,986,1985.0
1127,1297,2980.0
1127,1127,2685.0
1127,932,2685.0
1127,1763,3236.0
1127,1788,3076.0
1128,1405,2356.0
1128,4056
1128,2183,3917.0
1128,2144,5967.0
1128,2785,5112.0
1129,3367,5892.0
1130,1157,2478.0
1131,1364
1134,1155,2067.0
1134,1181,2752.0
1134,1436,2380.0
1135,266,2066.0
1136,987,2786.0
1137,1262,2066.0
1137,859,3677.0
1137,1999,3592.0
1138,1305,2979.0
1138,1891,3749.0
1139,1584,3339.0
1140,1716,3359.0
1140,1965,3687.0
1141,1262,2104.0
1141,1181,2828.0
1143,1933,4173.0
1144,1006,3487.0
1145,981,2617.0
1146,1146,2524.0
1146,571,3028.0
1146,2183,4674.0
1147,521,2591.0
1148,429,2072.0
1148,1613,3042.0
1148,1664,2962.0
1149,599,3221.0
1151,275
1152,2905
1154,1311
1154,1311
1154,1311
1154,1311
1155,1134,5418.0
1157,3239
1159,1392
1160,1960,4396.0
1161,929
1161,1161
1161,1501,2694.0
1161,875,3519.0
1161,2286,4138.0
1163,1163,2121.0
1163,1163,2709.0
1163,768,2440.0
1163,1675,3027.0
1163,260,3232.0
1164,1120,1845.0
1165,1124,2055.0
1166,904,2483.0
1166,1166,2469.0
1166,874,2751.0
1166,874,3219.0
1167,1138,1913.0
1168,887,1889.0
1169,1168,2066.0
1170,1284
1171,2141,4051.0
1172,912,2168.0
1173,917,2395.0
1174,1146,2276.0
1174,1174,2479.0
1174,1356,3202.0
1176,1108,2105.0
1177,904,2485.0
1178,1145,2161.0
1178,1503,4035.0
1179,1284,2166.0
1179,2792,4841.0
1180,1166,2528.0
1181,88,2163.0
1181,1444,2503.0
1181,1181,3713.0
1181,1181,4320.0
1181,1163,2709.0
1181,2084,3713.0
1181,2724,4639.0
1182,1284,2435.0
1183,779,2793.0
1183,446,2956.0
1184,722,2382.0
1185,1289,3487.0
1186,599,2355.0
1187,1838,4975.0
1188,720,1936.0
1190,907,2779.0
1190,1190,3442.0
1190,505,4279.0
1191,1583,3164.0
1191,1334,6391.0
1192,1192,4135.0
1192,2421,4291.0
1193,2231
1193,2031
1194,88,2286.0
1195,776,2209.0
1196,429,2129.0
1196,1785,3674.0
1197,1334,2628.0
1197,1583
1198,429,2387.0
1198,1455,3818.0
1198,21,2694.0
1198,1986,3979.0
1198,2466,4261.0
1199,1383,2550.0
1200,429,2069.0
1201,1429,2803.0
1202,1747,3254.0
1203,429,2112.0
1203,1203,2651.0
1204,1885
1205,1370,2834.0
1207,1600,2932.0
1207,2057
1208,1208
1209,1105
1210,2763
1212,698,2656.0
1214,969,2186.0
1215,266,2109.0
1215,1501,2653.0
1216,1809,5806.0
1218,779,2092.0
1218,867,2467.0
1218,867,2217.0
1219,1147,2188.0
1220,314,3625.0
1220,1816
1220,2716,5127.0
1221,1305,2230.0
1221,1691,3215.0
1222,1407,2543.0
1223,665,2094.0
1223,2649
1224,1231,2195.0
1224,1224,3753.0
1224,1909,3593.0
1224,1364,4684.0
1225,1538
1226,2059,4937.0
1227,383,2473.0
1228,1334,2628.0
1229,1218,2217.0
1230,1230,3773.0
1230,1230,3050.0
1230,1230,3596.0
1230,776,3208.0
1230,776,4291.0
1230,2187,5402.0
1231,599,2355.0
1231,1224,3255.0
1231,2867
1232,2535
1234,834,2334.0
1234,1632,2965.0
1235,834,2360.0
1235,2257,3976.0
1237,981,3026.0
1238,1815
1240,1552,2724.0
1242,1161,3186.0
1250,1995
1253,2462,4275.0
1254,1254,3151.0
1254,1852,3457.0
1254,2392,4296.0
1255,988,2159.0
1257,1321,2507.0
1258,3043,4960.0
1260,1934
1260,1676,2911.0
1261,1373,2488.0
1261,2979,5107.0
1262,1307,2177.0
1262,1137,3385.0
1264,1874
1266,915,2725.0
1267,1523,2539.0
1268,852,2281.0
1269,834,2271.0
1270,1114,2539.0
1272,1550,2601.0
1272,1747
1272,699
1273,2134
1275,1654,2791.0
1276,1811,3568.0
1276,2345,4249.0
1277,1585,3642.0
1277,1277
1280,2662,5253.0
1281,834,2376.0
1284,1503,2749.0
1284,1796,3240.0
1284,1945,3565.0
1284,2550,4544.0
1284,2189,5190.0
1285,295,2548.0
1285,295,2801.0
1285,295,3667.0
1285,1285,2475.0
1288,1528,3194.0
1288,429,2072.0
1288,1288,2412.0
1288,1282,2074.0
1288,1593,2709.0
1288,1784,3052.0
1289,1289,3794.0
1289,1289,3487.0
1289,1289,3764.0
1289,1289,3764.0
1290,2340,4160.0
1292,3357
1294,1294,3340.0
1294,1294
1294,1294
1295,1295
1295,1295
1297,1956,3887.0
1297,1297,2980.0
1297,1297,2980.0
1298,1585
1299,1301,2494.0
1300,1125,2909.0
1302,1749
1303,1303,3734.0
1303,1303
1303,1303,4390.0
1303,3233,6178.0
1304,1506,2843.0
1305,1460,3554.0
1305,2870,5226.0
1306,1313,2381.0
1306,429,2116.0
1306,1453,2386.0
1306,298,3013.0
1307,1307,2455.0
1307,1403,2430.0
1307,1592,2764.0
1308,295,2462.0
1308,1909,3742.0
1309,2273
1310,21,2414.0
1310,969,3440.0
1312,1455,2414.0
1312,1542,2652.0
1313,1453,2444.0
1314,1125,2387.0
1315,887,2412.0
1315,1334,3336.0
1316,1134,2388.0
1317,3718,6404.0
1317,1704,3869.0
1318,1318
1318,1540,3763.0
1319,1436,2380.0
1319,3343,5506.0
1320,1781,3085.0
1320,1872,3223.0
1325,1688
1328,2494
1329,1284,2336.0
1330,429,2069.0
1330,1527,2548.0
1331,1125,2169.0
1332,429,2116.0
1332,1313,2379.0
1332,1332,3323.0
1332,1763,3053.0
1332,2099,4719.0
1332,2228,3897.0
1332,1790,3839.0
1333,1363,2377.0
1334,988,2169.0
1334,929,2427.0
1334,1505,3238.0
1334,1533,2795.0
1334,2040,4199.0
1334,2165,3740.0
1334,2424,4580.0
1334,2424,4788.0
1334,1334,4171.0
1335,1335,3500.0
1335,1179
1335,1946,3391.0
1335,2433
1336,1178,2974.0
1336,1835,3119.0
1337,1496,2798.0
1338,1284,2217.0
1339,1638,3087.0
1340,599,2355.0
1341,1341,2205.0
1341,1341,3212.0
1341,1262
1342,1542,2646.0
1343,1429,2856.0
1344,1731
1345,1345,5322.0
1345,1442,2580.0
1346,1535,2775.0
1346,2024,3494.0
1346,2283,4045.0
1348,1348,2436.0
1348,1478,2503.0
1349,1526,2623.0
1350,599,2395.0
1353,1422,2459.0
1354,1448,2501.0
1355,1946,3509.0
1356,2291,4208.0
1356,1356,3062.0
1356,240,3387.0
1357,1436,2374.0
1357,1944,3499.0
1357,1285,3408.0
1357,3343
1357,2426,4630.0
1358,1506,2715.0
1359,1341,3212.0
1360,1332,2644.0
1361,21,2546.0
1361,987,2470.0
1362,776,2480.0
1363,1363,2653.0
1363,1685,4616.0
1364,1364,3120.0
1364,1742,6709.0
1364,1837,3182.0
1364,2853,4754.0
1365,1166,2467.0
1365,1166,2467.0
1367,1367
1367,3765
1369,1738,4160.0
1371,1371,2845.0
1372,1231,2824.0
1373,1313,2369.0
1373,1397,3076.0
1375,1288,2255.0
1375,1593,3689.0
1376,1045,2980.0
1377,1460,2979.0
1381,1304,2494.0
1383,1203,2412.0
1383,1664,2831.0
1384,1384,4471.0
1386,1387,2488.0
1387,884,3097.0
1388,1552,2888.0
1389,987,2571.0
1392,1288
1393,834,2572.0
1394,1520,2580.0
1395,3330
1397,295,2898.0
1397,1397,3005.0
1397,1397,3005.0
1398,1833,3842.0
1399,2665
1402,1474,2756.0
1403,907,2856.0
1403,1593,2788.0
1403,2427
1404,806,2951.0
1405,2064,3882.0
1409,1452,4046.0
1412,1571
1413,1725,4045.0
1414,929,2549.0
1414,1659,2804.0
1414,1659,3153.0
1417,1277,2920.0
1419,2623,5194.0
1420,429,2072.0
1420,1420,2686.0
1420,1420,2927.0
1420,1420,3040.0
1420,1420,3456.0
1420,1420,3425.0
1420,1622,2813.0
1420,1508,3045.0
1420,1315,3465.0
1420,739,3575.0
1420,859,4099.0
1421,1464,2499.0
1421,1444,2924.0
1422,21,2440.0
1422,1422,2503.0
1423,1507,2693.0
1423,1320,3223.0
1423,1423,3590.0
1424,1623,2960.0
1425,1787
1427,88,2118.0
1427,1163,2812.0
1428,1526,2646.0
1429,887
1430,3057,5670.0
1431,1498,3363.0
1432,1587
1435,1435,4403.0
1436,1660,2827.0
1438,1285
1440,3171,6452.0
1441,1632,2917.0
1442,989,3256.0
1443,866,2661.0
1443,1604,3338.0
1444,987,2380.0
1444,1420,2956.0
1445,446,3861.0
1447,472,2681.0
1447,1968,3790.0
1448,1619,3624.0
1449,1933,3788.0
1450,3779
1451,699,2741.0
1452,1594,3014.0
1452,1594,3014.0
1453,472,2685.0
1453,472,2755.0
1453,298,3013.0
1453,1816,3994.0
1454,2512,4388.0
1454,2512,4449.0
1454,2166,4241.0
1455,1667,2981.0
1455,1455,3832.0
1455,1986,3501.0
1455,2160,3979.0
1456,1456
1456,2248
1457,1457,2817.0
1457,1457,3084.0
1457,1457,3235.0
1457,1335,3324.0
1457,1858,3235.0
1457,2209,3813.0
1457,2428,4660.0
1460,1231,2857.0
1465,2414,5371.0
1466,3212
1472,472,2681.0
1473,1959
1473,1899,3435.0
1473,1473,4166.0
1473,1478,3491.0
1473,2940,5132.0
1473,2335,4063.0
1477,240
1478,1181,2770.0
1478,1959,3539.0
1479,1816,3117.0
1480,1027,3140.0
1481,1631
1482,929,2552.0
1482,1670,3792.0
1483,1454,2876.0
1483,1420,3472.0
1483,2166,3957.0
1484,1288,2547.0
1484,1676,2958.0
1484,2540,4584.0
1485,874,2679.0
1485,2552,4880.0
1486,292
1487,1487,2765.0
1487,1487,3148.0
1487,1844,3148.0
1487,2337,4253.0
1488,1727,3422.0
1489,1655,3363.0
1490,446,3240.0
1490,717,3323.0
1491,1529,2560.0
1491,1308,4175.0
1491,1909,3325.0
1491,2454,4204.0
1492,1767,3035.0
1492,1491,4175.0
1494,83,2720.0
1495,1592
1495,2236,4333.0
1496,1692,3092.0
1496,1310,2897.0
1497,505,4697.0
1498,929,2651.0
1498,1593,2804.0
1499,1651,2811.0
1500,1015,3091.0
1501,1491,2999.0
1502,1455,3718.0
1503,1170,2802.0
1503,2748,4540.0
1503,3039
1504,874,2792.0
1504,2460,4434.0
1506,1506,2971.0
1506,1892,3328.0
1507,1610,2902.0
1508,1420,2920.0
1508,1508,3690.0
1508,2208,3859.0
1508,2352,4103.0
1509,2679
1510,1538,3572.0
1511,1198,2412.0
1512,1762,3114.0
1512,1512,3916.0
1512,1512,3725.0
1512,2160,3863.0
1513,543,2932.0
1514,1514,4779.0
1514,2917,5247.0
1515,1373,3031.0
1516,2563
1518,1146,2708.0
1518,1809,3779.0
1519,1709,3058.0
1522,2432,5900.0
1524,1890,3259.0
1526,1702,3027.0
1526,2538,5132.0
1526,1526,3058.0
1526,1526,3488.0
1526,2532,5247.0
1526,944
1527,932,2744.0
1527,373,2722.0
1527,1763,3466.0
1528,21,2694.0
1528,2484,5715.0
1529,1671,2962.0
1530,1148,2783.0
1530,1808,3077.0
1530,1946,3346.0
1530,496,3866.0
1530,2387,4113.0
1531,1593,2958.0
1533,1671,2962.0
1536,1615,4218.0
1538,1848,3572.0
1538,2076
1539,1651,3076.0
1539,1971,3546.0
1539,1971,3839.0
1540,874,2792.0
1541,2733,4790.0
1542,1542,2702.0
1542,1900,3244.0
1542,875,3426.0
1543,2552,5057.0
1545,1508
1546,2979
1548,989,2725.0
1549,1062,3413.0
1550,699,3257.0
1551,1551
1552,1724,2946.0
1555,929,2803.0
1558,2945
1563,1681
1565,1612
1565,1960,4424.0
1567,1731,2923.0
1567,1798,3232.0
1567,2395,4223.0
1568,3555
1570,1783
1570,1570,3528.0
1570,2055,4343.0
1574,472,2710.0
1576,1813,3399.0
1577,1526,3351.0
1578,950,2705.0
1578,1578,3155.0
1578,1578,3557.0
1578,1865,3680.0
1582,1705,4123.0
1583,1191,3180.0
1585,2596,5236.0
1585,1567,4373.0
1588,3062
1593,1593,2962.0
1593,1751,3670.0
1594,1741,3009.0
1596,3701
1599,2392,4267.0
1600,2057,5967.0
1602,1750,3085.0
1602,1320,3188.0
1604,1604,3503.0
1604,2037,3788.0
1605,1718,3179.0
1605,1718,3179.0
1606,1606,2872.0
1606,1606
1606,1790,3518.0
1606,1332,3777.0
1606,2554,4897.0
1607,1607
1608,1838
1609,1843,3137.0
1610,1750,3017.0
1612,1565,3293.0
1612,1565,4705.0
1613,1613,3934.0
1613,2166,3840.0
1613,1181,4122.0
1614,1614,3543.0
1614,1614
1614,2410,4353.0
1618,1859
1619,2344,4081.0
1620,1675,3230.0
1620,1620,3501.0
1620,2419,4222.0
1620,2969,5880.0
1621,1621,4012.0
1621,2317,4094.0
1622,1871,3291.0
1622,2818,5682.0
1623,1902,3249.0
1624,1765,3196.0
1624,1624,2878.0
1625,1625
1625,1528
1627,2490,4648.0
1629,1877,4127.0
1631,2131,3789.0
1632,1632,3938.0
1632,2557,4319.0
1633,2170,3917.0
1633,1364,3868.0
1634,1667
1635,720,5247.0
1636,1620,3132.0
1637,1170,3093.0
1638,1701,2897.0
1638,1638,3393.0
1638,1638,3781.0
1638,1855,3163.0
1638,859,3680.0
1639,1644,3232.0
1640,1808,6160.0
1641,1061,3092.0
1642,339,3154.0
1644,875,3389.0
1646,1297,4135.0
1647,1647,4134.0
1647,2420,4207.0
1648,1679,3258.0
1649,2329,4135.0
1650,490,4279.0
1651,1670,3024.0
1652,1332,3401.0
1652,2334,4297.0
1653,1653,3143.0
1653,1653,3081.0
1653,1946,3755.0
1654,1654,3433.0
1654,2015,3848.0
1654,2433,4186.0
1655,2636
1656,1856,3916.0
1657,1457,3830.0
1658,1830
1659,505,3012.0
1659,1946,3401.0
1661,1806,3573.0
1662,295,3054.0
1662,295,3401.0
1662,1652,3581.0
1663,1663,3124.0
1663,954,3482.0
1664,1148,2912.0
1664,2456,5643.0
1666,954,3265.0
1668,1526,3165.0
1668,2198,4862.0
1669,1763,3118.0
1670,969,3440.0
1670,496,4165.0
1671,1983,3477.0
1672,1845,3431.0
1673,2002,4192.0
1674,2292
1675,1675,3773.0
1675,1675
1675,1613,3230.0
1675,2392,4146.0
1675,2439,4164.0
1675,3566
1676,1679,2979.0
1676,2078,3772.0
1676,2120,3669.0
1677,1836,3156.0
1677,1677,3115.0
1677,1677,3119.0
1677,1677,3250.0
1677,2465,4582.0
1678,1357,3728.0
1679,1766,3141.0
1679,859,3671.0
1680,1315,3127.0
1680,1097,3667.0
1681,2341,4345.0
1683,1506,3096.0
1684,2901
1685,2307,4083.0
1686,2096
1687,3223,6029.0
1688,1879
1689,1705,2983.0
1689,1765,3245.0
1690,1592,3111.0
1691,1676,2828.0
1692,1692
1692,2147,4581.0
1696,1491,3325.0
1696,2125,4189.0
1697,852,3373.0
1697,852,3505.0
1698,1652,4243.0
1699,1766,3226.0
1701,1491,3116.0
1702,1526,3058.0
1704,1317,3325.0
1705,3027,6392.0
1706,1956,3350.0
1706,2010,3826.0
1707,2115,4716.0
1708,2355,4939.0
1709,1835,3199.0
1709,1835,3866.0
1710,1062,3196.0
1711,2088,4705.0
1713,3462
1714,2901
1715,1866,3215.0
1717,3617
1717,1495,5363.0
1720,1810,3085.0
1722,1722,4014.0
1722,1722,4382.0
1724,915,2965.0
1725,2350,4137.0
1725,2297,5259.0
1725,2349,4347.0
1729,2308,6138.0
1730,3234
1731,1567,3073.0
1731,2054,4019.0
1732,2112
1733,1750,3017.0
1733,2162,4076.0
1734,1751,3290.0
1734,2944,4966.0
1736,1971,3839.0
1737,1578
1739,1950,5715.0
1740,1987,3655.0
1741,1741,3916.0
1741,2429,4288.0
1744,1614,3248.0
1748,2399,5925.0
1749,2927,5184.0
1750,1423,3377.0
1751,1942,3379.0
1754,1754,5054.0
1754,2480,4826.0
1755,1770,5315.0
1755,1770,5390.0
1756,2466
1757,3133
1758,3372,5712.0
1759,2327,4041.0
1760,1956,3350.0
1760,2870,5557.0
1762,1899
1763,1045,3392.0
1763,1961,3355.0
1763,1777,3688.0
1763,2277,4162.0
1764,2649
1765,1235,3943.0
1766,1766,3651.0
1766,1766,4066.0
1766,2354,4119.0
1766,2354,4318.0
1766,2304,4042.0
1767,295,3049.0
1767,295,3336.0
1769,3290
1770,1755,3541.0
1770,3281,5369.0
1771,2244,4581.0
1772,1613,3364.0
1773,1773,4184.0
1773,2565,4674.0
1774,2109,3720.0
1775,2979
1776,1967,3440.0
1777,1989,3427.0
1777,1946,3353.0
1777,2165,3791.0
1779,954,3324.0
1780,1030,4621.0
1781,1845,3377.0
1782,384,3325.0
1783,1570,3995.0
1783,2596,4409.0
1784,2172,3810.0
1784,2921,5263.0
1785,1785,4823.0
1785,2433
1787,1860,3602.0
1787,1787,3167.0
1787,2850,4714.0
1788,1816,3936.0
1790,1790,3434.0
1790,1790,3516.0
1790,1332,3516.0
1790,715,4112.0
1790,2400,4684.0
1790,3628,6489.0
1791,1816,3852.0
1792,1845,3590.0
1793,1793
1794,2796
1795,2167,3998.0
1796,1284,5283.0
1797,1816,4032.0
1797,2348,4491.0
1797,2488
1798,1986,3501.0
1798,2264,3996.0
1798,2620
1799,2080,3955.0
1800,1800,4176.0
1800,2181,3921.0
1800,2455,5039.0
1801,2231,4138.0
1802,2580
1803,2001,5394.0
1804,1045,3401.0
1804,2785,4938.0
1805,1652,4212.0
1806,1963,4756.0
1807,2798,5667.0
1808,2131,3933.0
1809,1231,3616.0
1810,1807,3998.0
1811,2328
1812,2705,4781.0
1812,505,4297.0
1812,2355,5350.0
1816,1763,3373.0
1816,2558,4582.0
1817,2177
1817,2174,3747.0
1820,1971,4056.0
1821,2161,3910.0
1821,2734,4683.0
1821,2658,4683.0
1822,1822,3126.0
1822,1800,3353.0
1824,1912,3443.0
1825,1692,3422.0
1826,1892,3330.0
1828,2025,3757.0
1829,2004,3670.0
1830,3336
1831,1491,3157.0
1832,1832,3323.0
1832,1945,3485.0
1833,1833
1833,2574,5685.0
1834,1988,3434.0
1835,1677,3364.0
1835,2165,3856.0
1837,2230,5047.0
1838,2016,3787.0
1838,2494,4291.0
1839,3294
1840,3023
1841,1315,3336.0
1842,1803,3407.0
1842,1675,3829.0
1842,2182,4169.0
1843,1346,3450.0
1844,2146,5247.0
1845,1807,3348.0
1845,1845
1845,1845,3922.0
1845,2798
1846,2007,3809.0
1848,2076
1849,1946,3423.0
1850,1945,3386.0
1851,2146,3895.0
1852,1852,3484.0
1852,2151,4616.0
1853,1977,3470.0
1853,1853,3515.0
1853,776,3763.0
1855,1638,3396.0
1855,2436,4242.0
1856,2429
1857,2552
1858,2424,6569.0
1859,1859,5554.0
1859,2406,5554.0
1860,2024,3602.0
1861,3155
1862,1862,3873.0
1862,2496
1862,2496
1863,1610,3590.0
1865,2055,3538.0
1865,1865,3958.0
1865,1161,3956.0
1865,2503,4734.0
1866,3707
1866,2871
1867,2322,4129.0
1869,1931,3306.0
1870,2890,4877.0
1871,1420,3239.0
1871,1763,3227.0
1871,2277,4139.0
1872,1845,3431.0
1873,2179,3840.0
1876,1530,3326.0
1877,2063,4127.0
1877,2414,5371.0
1878,1860,3404.0
1879,1709,3713.0
1881,1881,3499.0
1881,1881,4201.0
1884,1884,4031.0
1884,3053,5745.0
1888,1865,3539.0
1888,1865,3958.0
1889,3234
1891,1947,3569.0
1892,1892,3777.0
1892,2861
1893,2805
1894,1696,3627.0
1895,2784,4724.0
1896,1097,3394.0
1896,2361,4080.0
1897,1334,4333.0
1898,2028,3501.0
1899,1963,3501.0
1899,859,3852.0
1899,1754,3852.0
1900,1963,3498.0
1901,2258,3943.0
1902,1614,3889.0
1903,2258,4123.0
1904,1982,3585.0
1904,2353,4107.0
1906,2067,3584.0
1908,1908,3817.0
1908,2291,4707.0
1909,2871,5226.0
1910,339,3363.0
1912,1147,4044.0
1913,1800,3693.0
1915,3974
1915,465,3987.0
1918,2240
1920,1638,3375.0
1922,1754,3680.0
1922,1922,4144.0
1922,3088,5570.0
1923,3766
1924,2160,4001.0
1924,2160,3863.0
1925,1731,3630.0
1925,1567,5189.0
1926,1798,3155.0
1927,2449,4264.0
1929,2100,3680.0
1930,1161,3242.0
1931,1935,3768.0
1933,1614,4123.0
1934,1567,4288.0
1935,2190
1939,2019,4348.0
1940,1799,3579.0
1942,2579,4827.0
1944,3326
1945,2131,3685.0
1946,1335,3824.0
1947,384,3717.0
1948,2565,4824.0
1950,3216
1953,2297,4426.0
1954,2535,5411.0
1955,1954,4267.0
1956,1960,3526.0
1957,2165,4058.0
1958,2589,6328.0
1960,847,3816.0
1960,1160,3959.0
1960,2344,4284.0
1961,1675,3829.0
1962,2442,4264.0
1964,2160
1965,1965
1965,1965
1965,1284
1966,2334,4520.0
1967,1528,4090.0
1967,2165,3903.0
1968,2201,4082.0
1969,1970,3495.0
1970,1970,4219.0
1971,505,3936.0
1971,2410,5352.0
1972,2347,6047.0
1973,859,3966.0
1973,2336,4111.0
1974,2163,4086.0
1974,1960,3817.0
1975,505,3754.0
1975,2334,4469.0
1976,1976,3928.0
1976,1976,4170.0
1976,2046,3829.0
1976,2385,4170.0
1976,2451,4333.0
1977,2710,4882.0
1978,1045,3670.0
1979,2527,4698.0
1981,2433
1982,2394,4303.0
1983,2533,4369.0
1984,2958
1985,1045,4074.0
1986,2160,4013.0
1987,1754,3656.0
1988,2555
1992,1980,3392.0
1998,2285,4002.0
1999,3327
2000,2297,3978.0
2001,2586
2002,2179,4192.0
2003,3936,6709.0
2004,2552,5356.0
2006,2291,4697.0
2007,2456,5975.0
2008,2346,4217.0
2009,2130,3933.0
2010,2051,3826.0
2011,1893,3730.0
2012,1334,4401.0
2013,2223,3838.0
2013,2464,5355.0
2014,1670,4467.0
2015,2433,5455.0
2016,859,3787.0
2016,2328,4465.0
2017,2207,3883.0
2019,3563,6555.0
2020,1364,3915.0
2020,2505,4684.0
2021,2347,4061.0
2022,2166,3755.0
2023,2227,4144.0
2024,2215,3964.0
2025,1842,3758.0
2026,339,3670.0
2027,3164,5246.0
2028,2223,4155.0
2030,2239,5247.0
2031,2530
2032,2959,5000.0
2032,2645,4745.0
2034,1334,3792.0
2035,1899,3954.0
2036,2476,4319.0
2038,505,4938.0
2039,2077,3961.0
2040,1675,4174.0
2040,2277,4140.0
2041,2402,4264.0
2042,2174,3843.0
2043,2241
2044,2334,4142.0
2046,1976,3829.0
2047,2856,6005.0
2048,2427,4654.0
2049,2160,4380.0
2050,2134,3693.0
2051,2165,3825.0
2052,2994,5820.0
2052,2348,4066.0
2054,2223,4132.0
2055,2596,4409.0
2057,3258
2057,3258,5321.0
2058,2462,4823.0
2060,2277,3954.0
2061,83,4123.0
2062,2410
2063,2410
2064,2251
2065,2967
2066,2066,4159.0
2066,2443,4180.0
2067,2292,4121.0
2068,3044
2069,2870,5147.0
2070,2070,4718.0
2070,2716,5108.0
2071,1679,3761.0
2072,1652,5350.0
2073,2781
2074,2514
2074,2367,4316.0
2075,505,3778.0
2077,2077,3961.0
2077,2077,3962.0
2077,2410,4677.0
2078,3568
2079,2138,3923.0
2080,859,4099.0
2081,505,4297.0
2083,2184,3938.0
2083,2566,4428.0
2084,2216,5130.0
2085,2419,4489.0
2086,2541,4319.0
2087,2169,3859.0
2089,3671,6550.0
2091,2092
2092,3207,6281.0
2096,2927,6331.0
2098,2781,5556.0
2100,3427
2101,2251,3923.0
2103,1754,5724.0
2104,1277,4358.0
2110,2429,4370.0
2111,2689,4459.0
2113,2474,6281.0
2114,3731
2115,2354,4718.0
2116,2606
2118,859,3672.0
2119,859,3966.0
2119,2820,4756.0
2120,859,3951.0
2124,2124
2125,2811,4720.0
2127,3030,5295.0
2127,3809,6533.0
2128,2670,5140.0
2129,3186
2130,2885,5259.0
2131,2883
2132,2132,4427.0
2132,2132,4427.0
2134,3237
2135,1284,3766.0
2136,1284,3960.0
2136,2386,4100.0
2137,1284,4068.0
2138,2432,5586.0
2141,2444,6202.0
2144,2183,5112.0
2145,2145,3864.0
2145,2424,4823.0
2146,2522,4298.0
2147,2561,4581.0
2148,2793,6531.0
2149,2151,4459.0
2150,2719
2150,2666,4519.0
2151,2431,4539.0
2152,2134,4240.0
2154,1364,4439.0
2155,2807
2156,2136,4085.0
2157,2516,4246.0
2158,2352,4651.0
2160,2160,4138.0
2160,2742,5031.0
2161,2549,4416.0
2162,2664,4884.0
2163,2374,4697.0
2164,2541,5340.0
2165,2165,4139.0
2165,1457,4139.0
2165,2424,4174.0
2166,2166,3840.0
2166,2394,4178.0
2166,2394,4114.0
2166,2401,4206.0
2167,2333,4083.0
2168,2698,4601.0
2169,2136,4099.0
2170,1364,4122.0
2171,2354,4119.0
2172,2616
2173,2586,5259.0
2174,543,4194.0
2176,1842,4169.0
2177,2328,6364.0
2178,2867
2179,2526,4425.0
2180,2654,4485.0
2181,2787,4678.0
2182,1842,4165.0
2183,2853,4763.0
2184,2710,4576.0
2184,2184,4689.0
2184,2975,4907.0
2185,2185
2188,2809,4782.0
2188,3623,5920.0
2192,2680
2193,2784,5878.0
2195,3233,5659.0
2198,2853,5718.0
2200,2657,4425.0
2201,2370,4156.0
2202,2423,4269.0
2203,2233,4294.0
2204,2785
2205,2185,4346.0
2207,3234
2208,2216,3836.0
2209,2209,4158.0
2209,2442,4188.0
2210,2755
2211,2188,3840.0
2212,2586
2214,2186,4177.0
2215,1654,4149.0
2216,2216,5130.0
2216,2352,4088.0
2218,2410,4960.0
2220,2430,4679.0
2222,2353,4280.0
2223,2333,4111.0
2225,2453,5404.0
2226,2360,4176.0
2227,1181,4179.0
2228,2228,4044.0
2228,2334,4294.0
2229,2718,4543.0
2230,3112
2231,2390,4653.0
2232,2549,4416.0
2233,2555
2234,2188,5863.0
2235,2394,4206.0
2236,2368,4185.0
2237,2458,4509.0
2238,2293,4043.0
2239,2549,5218.0
2241,2481,4294.0
2242,2712,4525.0
2243,2397,4425.0
2245,2453,5404.0
2246,3202
2249,2249
2252,3234
2254,2614,4815.0
2255,2466,5362.0
2258,2510
2259,1530,4112.0
2260,2347,5494.0
2261,2498
2262,2830,4697.0
2263,2150,4216.0
2264,1675,3965.0
2265,2486,4531.0
2266,2552
2267,3016,5405.0
2268,1960,3817.0
2269,2871
2270,2524,4259.0
2271,2165,4072.0
2272,2390,4255.0
2273,3583
2275,1364,3759.0
2277,1871,4072.0
2278,2529,4308.0
2279,2870,5147.0
2280,3675
2283,2551
2285,2666,4519.0
2285,2686,5447.0
2286,2423,4205.0
2287,2640,6738.0
2288,2335,4348.0
2289,2238,3974.0
2290,3863
2291,2673,4707.0
2292,2339,4326.0
2293,2557,5261.0
2294,2585,4389.0
2296,3182,5259.0
2297,2130,3855.0
2298,2318,4638.0
2299,2594
2300,2637,4955.0
2301,3184
2302,3171
2304,2332,4093.0
2305,2606
2306,2328,5817.0
2307,2922
2310,2946
2313,2393,4288.0
2314,2656,4482.0
2316,2822
2317,2381
2318,2450
2319,3174
2320,2967
2322,2416,4973.0
2324,2587
2325,3306
2326,2865,4781.0
2326,2326
2328,3443,6035.0
2328,2551,4292.0
2328,3030,5259.0
2328,3201,6138.0
2328,3838,6334.0
2328,3519,5800.0
2328,4035
2328,2328
2329,2986,5811.0
2329,3294,6537.0
2330,2755,5558.0
2331,3234,5247.0
2333,2766,4887.0
2333,2766,5243.0
2333,3567,6455.0
2334,2787,4862.0
2335,2983,5718.0
2336,3934
2339,2817,6054.0
2340,3461,6057.0
2342,2853,5791.0
2343,3449,6054.0
2346,2346,5005.0
2346,2346
2346,2491
2347,2347,4194.0
2347,2734
2347,2734,5219.0
2347,2516,5496.0
2348,2348,5514.0
2348,3000,5108.0
2348,3281,5743.0
2350,3244
2351,2351
2351,2351,5564.0
2351,2952,4997.0
2351,3313,5411.0
2351,2694,6479.0
2352,2474,4288.0
2353,2484,4303.0
2353,2850,5051.0
2354,2409,4318.0
2354,2725,4726.0
2354,2354,4946.0
2354,2877,4866.0
2354,3040,5439.0
2354,2398,4946.0
2354,2737,6278.0
2354,2737,6278.0
2355,2355,5352.0
2355,2355,6060.0
2357,4034
2359,2364
2360,3334,5400.0
2360,3368,5480.0
2361,2435,4288.0
2361,2811,4646.0
2361,3053,5810.0
2362,2708
2364,2359,5196.0
2365,2401,4277.0
2365,2328,4857.0
2366,2462,4425.0
2366,3810,6519.0
2368,2811,4651.0
2368,3313,5394.0
2368,3617,5914.0
2368,3333,6353.0
2369,2369
2371,2371,5182.0
2371,2669,4561.0
2373,2711,4482.0
2374,2865,5352.0
2375,3572
2376,2376,4509.0
2376,2462,5060.0
2376,2697,5116.0
2376,2127,5800.0
2376,3270,6750.0
2376,3037,5909.0
2377,2484,4562.0
2377,3109,5532.0
2377,2377,5042.0
2377,3786
2378,2738,4900.0
2378,3242,5609.0
2378,3788,6203.0
2380,2835
2381,4013
2381,2404
2383,2727,4862.0
2383,2405,4473.0
2384,2706,4691.0
2385,3107
2386,2698,4482.0
2387,2711,4482.0
2387,2711,4482.0
2387,2711
2387,2836,4969.0
2387,3382,6462.0
2388,3529,5764.0
2389,3055,4995.0
2390,2376,4563.0
2390,2765,4563.0
2391,2376,4629.0
2391,2829,4912.0
2392,2392,4605.0
2392,2392,4189.0
2392,2392,4189.0
2392,2392,4728.0
2392,2392,4728.0
2392,2403,4496.0
2392,2403,4734.0
2394,2394,4996.0
2394,2394,4996.0
2394,3527,6314.0
2395,2395,5775.0
2396,2741,4547.0
2397,2397,4425.0
2397,2376,4531.0
2397,2747,4633.0
2397,3074,5723.0
2397,2666,5270.0
2398,3414,5583.0
2398,2730,5077.0
2398,3275,5715.0
2399,2931,4862.0
2399,4052
2399,2399,6640.0
2400,2666,4622.0
2400,2823,5016.0
2401,2401,5362.0
2401,3312,5437.0
2402,2726,4642.0
2403,2403,4968.0
2403,2719,4534.0
2403,2392,4728.0
2403,2574
2403,3880,6618.0
2404,2381,4872.0
2404,4013
2405,2886,4883.0
2406,3042,5328.0
2406,2921
2408,3702
2409,2673,4479.0
2409,3662,6122.0
2409,2328,5968.0
2410,2918,4939.0
2412,2975
2414,3316
2416,3058
2417,3013
2418,2462,4459.0
2418,3847
2419,2666,4531.0
2419,3830,6531.0
2421,3860,6619.0
2423,2666,4607.0
2424,2743,4582.0
2424,2965,5684.0
2424,3802
2425,2785,4602.0
2426,2390,4104.0
2427,2754,4658.0
2428,2428,4870.0
2428,2451,5048.0
2429,2619,4606.0
2430,2468,4211.0
2431,2462,4459.0
2432,2485,4613.0
2432,2432,6635.0
2432,2831
2433,2433,5863.0
2433,3595,5893.0
2434,2483,4510.0
2434,2434,4657.0
2434,2743,5396.0
2434,4033
2435,2401,4209.0
2435,2721,5092.0
2436,2436,4295.0
2436,2996,5098.0
2437,2666,4462.0
2437,3255,5511.0
2438,3482
2439,2333,4639.0
2441,2409,4317.0
2442,2785,4823.0
2442,2442,4751.0
2442,2801,5558.0
2443,3404,5683.0
2445,2446,4337.0
2446,2469,4311.0
2449,2449,5691.0
2449,2449
2451,3857
2451,2743,5513.0
2451,3493,6569.0
2452,2698,4481.0
2453,2453
2454,2454,5000.0
2454,3016,5405.0
2454,3016,5631.0
2455,2360,4193.0
2455,2455,5396.0
2455,3334,6530.0
2455,3980
2456,2456,4687.0
2456,3339,6174.0
2456,3776
2457,2675,4484.0
2458,2376,4633.0
2458,2836,6280.0
2458,3486,5870.0
2460,2460,4623.0
2460,3776
2461,2461,4918.0
2461,3023,5311.0
2462,2689,4459.0
2462,2689
2462,2666,4459.0
2462,2666,4864.0
2462,2462,4425.0
2462,2462,4425.0
2462,2462,5283.0
2462,2992,4894.0
2462,2992,5188.0
2463,2463,5863.0
2463,3078,5476.0
2463,3623,6591.0
2464,2817,4639.0
2464,3915
2465,2390,4595.0
2465,2390,4565.0
2466,2726,5053.0
2467,3070
2468,2801,4970.0
2469,2469,4619.0
2469,2469,4660.0
2469,2390,4657.0
2469,2418,6190.0
2470,2567,4632.0
2470,2470,5014.0
2470,3086,5510.0
2470,3602
2471,3114,5232.0
2472,2469,4657.0
2472,2547,4509.0
2473,2473,4582.0
2473,3318,5457.0
2474,2368,4657.0
2474,2474,4373.0
2479,3016,5000.0
2481,2484,4497.0
2483,2483,4635.0
2483,3334,5719.0
2484,2723,4761.0
2484,3275,5308.0
2484,2985,4943.0
2484,3804,6311.0
2484,2484,5713.0
2484,2484,6331.0
2484,2484,6554.0
2484,2484
2484,2328,6482.0
2484,3165
2485,2391,4613.0
2486,2834,4987.0
2487,2590,4874.0
2488,3426,5607.0
2490,2490
2490,3112
2491,3454,6260.0
2491,3318,5437.0
2491,2491,5714.0
2491,3558,6011.0
2492,2979
2494,2494,6569.0
2495,3080,5866.0
2497,2249
2499,3057
2502,2502
2503,2403,5009.0
2503,3438,5941.0
2504,3933
2504,3933
2505,3168,5384.0
2506,2716,4718.0
2507,3431
2508,2355,5956.0
2511,3102
2512,3226,5290.0
2514,2515,4316.0
2514,2876,4892.0
2515,2514,4316.0
2516,2516,4331.0
2516,2516,4920.0
2516,2347,4757.0
2516,2903,4860.0
2516,3256,5496.0
2518,2518,6092.0
2520,2484,5089.0
2521,3246,6744.0
2523,2523,6367.0
2523,3407
2524,2575,4704.0
2526,2402,4288.0
2526,2698
2527,2527,4731.0
2528,2514,4317.0
2529,2529,5987.0
2529,3673
2530,2530,4783.0
2532,2402,4211.0
2533,2666,4486.0
2534,2394,4288.0
2535,2392,4349.0
2536,2666,4607.0
2536,2819,5909.0
2537,2850,6711.0
2537,2837,4714.0
2537,3855
2538,2538,5137.0
2538,2491,5561.0
2538,2757,6024.0
2539,2685,6350.0
2541,3306,5747.0
2542,2931,5342.0
2543,3307,5811.0
2544,2985
2546,2546,4659.0
2546,2546,5107.0
2546,3112,5873.0
2547,2567,4526.0
2547,2547,5172.0
2547,3119,5593.0
2547,2328,6526.0
2548,2708,4940.0
2549,2658,4683.0
2549,3361,5500.0
2549,3518,5896.0
2550,2718,4551.0
2551,2553,4836.0
2552,2856,4867.0
2553,3420
2554,2390,4836.0
2554,3318,5898.0
2555,2886,4867.0
2556,2575,4439.0
2557,2820,5246.0
2558,2704,5803.0
2560,2560,5583.0
2560,3439
2561,2484,6226.0
2562,3048,5823.0
2564,2886,4931.0
2565,3133,5472.0
2565,2565,4944.0
2565,2565,5108.0
2565,2565
2565,2565
2565,3000,5346.0
2565,2896,5767.0
2565,3019,5783.0
2565,3818,6377.0
2565,3415,6538.0
2566,2566,5350.0
2566,3525,5826.0
2567,2568,4313.0
2567,2576,5572.0
2568,2567,4313.0
2568,3786,6214.0
2569,3068
2570,2683,5072.0
2571,3365,5687.0
2572,2354,4716.0
2572,3421,6377.0
2572,3421,5768.0
2572,3415,6070.0
2573,3306
2575,2575,5458.0
2575,3029
2575,3524
2576,2567,6751.0
2576,2576,6751.0
2578,2579,5597.0
2578,3517,6424.0
2578,3796
2579,2579,5241.0
2581,2345,4435.0
2582,2888
2583,3174,6066.0
2584,2516,4758.0
2584,2328,6504.0
2584,3967
2586,2893,5220.0
2587,2587
2588,3262
2590,2567,4615.0
2590,2398,5116.0
2590,2801,5432.0
2590,3786,6227.0
2595,2595,5547.0
2596,2746
2599,3243,5795.0
2600,2811,4998.0
2603,3147,5591.0
2610,3734
2614,2403,4815.0
2614,3787
2615,3337,6033.0
2618,2351,6714.0
2621,2718,4729.0
2621,2666,4729.0
2621,3345,5490.0
2623,3200
2625,2811,4814.0
2626,2626,5145.0
2626,2626
2627,2666,4481.0
2628,2628
2629,2877,5210.0
2631,2664
2635,2635,5749.0
2635,2635,5749.0
2635,2635,6487.0
2636,3244,6160.0
2637,3013,5279.0
2638,3084,5475.0
2639,2638,4725.0
2639,3592,6359.0
2641,3251,5506.0
2642,3730
2643,2643,4661.0
2643,2554
2643,2817,5715.0
2645,2595
2647,2662,5253.0
2648,3467,5950.0
2654,2698,4485.0
2654,2934,4919.0
2655,2749,4850.0
2656,2656,5810.0
2657,2666
2658,2549,5441.0
2658,3081,6192.0
2661,2975
2662,2975,4963.0
2663,2398,5127.0
2664,2817,5770.0
2666,2992,4928.0
2666,2450,6231.0
2667,3244,5964.0
2669,2952,5261.0
2670,3186,5342.0
2672,2549,5883.0
2672,3551,5883.0
2673,2811,4880.0
2673,2673,4626.0
2673,2673
2673,2793,5517.0
2673,2419,6265.0
2674,2674,5343.0
2675,2675,5889.0
2675,2675
2675,3079,5456.0
2676,3421,5609.0
2678,2677,5184.0
2681,3245
2683,3186
2685,3290,6648.0
2689,2462,4894.0
2689,2919,6191.0
2690,2729,4886.0
2691,3100,5424.0
2691,2536,4638.0
2691,4064
2692,2692
2692,2752,5792.0
2693,3039,6048.0
2694,2751,6212.0
2697,2697
2697,2965
2700,3787
2702,2538,5180.0
2703,2703,4736.0
2703,2994,4931.0
2703,3741
2704,3035
2705,2355,5084.0
2705,2705,6140.0
2706,2706,5755.0
2706,3540
2708,2744,4633.0
2708,3026,4940.0
2709,2855,5139.0
2709,3615,6234.0
2710,2710
2711,2836,4909.0
2712,2712,4528.0
2712,2745,5368.0
2712,2815,5263.0
2712,3421,6265.0
2713,2898,4924.0
2713,3055,6034.0
2715,2458
2716,2993
2716,2993,5108.0
2718,2368,5204.0
2719,2719
2720,3254
2721,3366
2723,2484
2724,3416,5804.0
2725,3019,5074.0
2726,2726
2726,2726,5122.0
2726,3939
2727,2727
2728,3041,5975.0
2729,2643,4956.0
2730,2730,5074.0
2730,3157,5320.0
2730,3328
2730,3329,6432.0
2731,2455,5048.0
2731,2731,4524.0
2732,3822
2734,2658
2734,2549,5004.0
2734,2734,4526.0
2735,3253,5527.0
2736,3232
2737,2398,5088.0
2737,3328,5388.0
2737,3874
2737,2565
2739,2739,5459.0
2739,2433,5893.0
2741,2768,4888.0
2741,3577,6324.0
2742,2742,5175.0
2742,2666,4523.0
2742,2666,4523.0
2742,3074,5623.0
2743,2455,5048.0
2743,3103,5466.0
2743,3103,5466.0
2743,3334,5877.0
2744,3026,4940.0
2744,3561,6013.0
2744,3783,6480.0
2744,2744
2744,2744,6273.0
2745,3039,5135.0
2745,3270,6588.0
2745,3607,5909.0
2745,3074,5594.0
2745,2590,6214.0
2747,2708,5054.0
2749,3069,5091.0
2752,3030,5240.0
2752,3778,6212.0
2752,3523,6180.0
2754,2754,5977.0
2754,4047
2755,2697,4943.0
2757,2538,5292.0
2757,2757,6365.0
2757,2757,6024.0
2757,2378,6365.0
2759,3102
2762,2811,5214.0
2770,2770,5560.0
2772,3974
2773,2910
2777,3048
2783,2965,5847.0
2784,2784,4899.0
2784,2784,6226.0
2785,2785,5259.0
2785,3828,6379.0
2789,2789,5435.0
2789,3070
2791,2983,6414.0
2791,3122,5259.0
2792,3234,5939.0
2793,3003,5451.0
2793,3344,6363.0
2794,3356
2796,2786,4982.0
2797,2376,4885.0
2799,3666,6167.0
2800,2368,4889.0
2800,2742,4638.0
2800,2691
2800,3354,5544.0
2801,2689,6191.0
2801,2675,6006.0
2802,2983,5053.0
2803,2789,4904.0
2804,2804
2808,2666,4894.0
2809,2919,5131.0
2811,2673,4913.0
2811,2673,6185.0
2811,3216,5316.0
2813,2368,4857.0
2814,2368,5021.0
2815,3069,5020.0
2815,2815,5762.0
2815,2568,6214.0
2815,2811,6185.0
2815,2419,6462.0
2816,2979
2817,2643,4880.0
2817,2817,5811.0
2817,3582,5986.0
2817,3692,6067.0
2818,3072,5010.0
2818,3072,5305.0
2818,3557,5992.0
2819,2697,5191.0
2819,2328,6494.0
2820,3450,5969.0
2821,2827,5140.0
2822,2822,6632.0
2822,2431,6579.0
2823,3074,5016.0
2825,2643,5092.0
2826,2390,4997.0
2826,2484,5807.0
2826,3524,6190.0
2826,2328,5730.0
2826,3585,6190.0
2827,2683,5342.0
2829,2829,5831.0
2829,3312,5386.0
2830,3005,5414.0
2831,3002,5033.0
2832,2590,5344.0
2833,3307,5811.0
2833,3569,6002.0
2834,2769,4888.0
2835,2380
2836,2387,5020.0
2836,2387,5294.0
2837,2432,5412.0
2839,2979
2841,2912
2844,2518
2845,3042,5495.0
2846,3298,5572.0
2846,2747,6657.0
2847,2847
2847,3437
2848,2918,4939.0
2849,2979,5130.0
2850,2876,5412.0
2850,3018,5894.0
2851,2725,4877.0
2851,3888
2852,2355
2853,2888,5379.0
2854,2996,4927.0
2855,2855,4903.0
2855,3353,5512.0
2856,2856,4882.0
2856,3339,5567.0
2857,2643,5091.0
2858,2184,5171.0
2859,2730,4526.0
2860,2706
2861,3133,5635.0
2862,2862,5716.0
2862,3033,6162.0
2863,2184,5171.0
2864,2437,4964.0
2865,2787,6103.0
2868,3159,5143.0
2869,3085,5085.0
2869,2875,5540.0
2870,2673,5067.0
2870,2870,6624.0
2870,2870,6117.0
2870,3298,6624.0
2871,2673,5340.0
2871,2793,6060.0
2873,2437,4909.0
2873,3013,5881.0
2875,2831,4892.0
2875,3280,5474.0
2876,3098,5412.0
2877,3000,5281.0
2877,2484,6370.0
2878,2878,6080.0
2878,2878
2879,2979,4896.0
2880,3327
2881,3333,5452.0
2882,2398,5120.0
2882,2940,5832.0
2882,2368
2883,3239,6321.0
2884,3152,5308.0
2886,2994,5113.0
2887,2850,5051.0
2888,3290
2889,3445,6054.0
2890,2663,4517.0
2890,3598
2893,2965
2896,3040,5525.0
2896,3330,5617.0
2896,3542,6377.0
2896,2896,6025.0
2896,2896,6070.0
2896,2896,6643.0
2896,2896,6643.0
2896,3890,6650.0
2896,3329,6432.0
2897,2801,5963.0
2898,3322,5511.0
2898,3313,5381.0
2899,2484,5221.0
2899,2975,4923.0
2903,2516,4764.0
2907,2355,6681.0
2909,3242,5609.0
2913,3467,5619.0
2914,3065,5221.0
2915,2463
2916,3053,5038.0
2916,2916,5809.0
2916,3570
2918,3043,5083.0
2919,2771,5259.0
2932,2744,4734.0
2935,3452
2938,3047
2940,3271
2941,3438
2944,3487
2945,3469,6213.0
2946,2946
2947,3795,6469.0
2948,2836,4967.0
2948,2829,5335.0
2948,3055,5481.0
2948,3313,5723.0
2948,3684
2951,2951,6099.0
2951,2951
2952,3388,6133.0
2952,2952
2955,3152,5303.0
2960,3077,5126.0
2960,4051
2961,3534
2962,2952,4837.0
2965,2965
2965,3995,6597.0
2966,2643,4837.0
2967,3893
2969,2982
2971,2952,6510.0
2976,2822
2977,3240
2977,2787,6707.0
2979,3307,5918.0
2981,3359
2983,3428,5718.0
2984,3531,6095.0
2988,2988,5497.0
2988,2988,6338.0
2990,2572,5551.0
2990,2990
2991,2991
2991,2896
2992,2992,5428.0
2992,2992
2992,2366
2993,2993,5498.0
2993,2993,5537.0
2993,2993,5714.0
2993,2993
2993,2877,6122.0
2994,2994
2994,3387,5809.0
2996,2826,5470.0
2996,3290,5458.0
2997,3577,6082.0
2999,2801,5465.0
3000,3000,5291.0
3000,3000,5975.0
3000,3000,5927.0
3000,3000,6733.0
3002,2875,5540.0
3003,2965
3005,3571
3005,3005
3006,3571
3008,3008,5589.0
3008,3443,6204.0
3009,3018
3010,3157,5607.0
3011,3278,6224.0
3013,3013,5313.0
3013,3074,5792.0
3013,3786,6214.0
3013,2568,5852.0
3013,4046
3014,3608
3015,3930
3015,3930,6567.0
3016,3016,5405.0
3016,3016,5491.0
3016,3016,5491.0
3016,3499,6009.0
3016,3499
3016,3820,6648.0
3018,2850,5314.0
3018,2831
3019,2737,5333.0
3019,2328,5767.0
3019,2354,5784.0
3019,2896,6596.0
3020,3337,5413.0
3020,3333,6454.0
3021,2399,5994.0
3023,3023,5782.0
3023,3023,5991.0
3023,3023
3025,3275,5308.0
3026,3241,5338.0
3028,3028
3029,3290,5470.0
3030,2698,5407.0
3030,2992,5428.0
3031,3358
3032,3499,5894.0
3033,3173,5648.0
3034,3276,5322.0
3034,3516,5739.0
3035,3279,5331.0
3035,3035,5138.0
3035,3035,5386.0
3035,3741,6316.0
3035,3741,6316.0
3037,3037,5303.0
3037,2484
3037,3270,6175.0
3037,2127,6534.0
3039,3607,6352.0
3039,3779,6508.0
3039,2328,6352.0
3039,3859
3041,2572
3042,2993,6355.0
3044,3044,5999.0
3044,3044
3045,3388,5569.0
3048,2811
3050,3537,6104.0
3051,3793
3052,3525,5826.0
3053,3053,5750.0
3053,3053,5481.0
3053,3053,6456.0
3053,3288,5956.0
3053,3035,5809.0
3053,3860,6619.0
3053,3570,6456.0
3053,3570,6713.0
3054,4010
3055,3442,5588.0
3059,3557,5844.0
3060,2491
3064,2328,5974.0
3065,2919,5863.0
3067,3571,6173.0
3068,3586
3069,3069,5452.0
3069,3522,6279.0
3069,3837
3070,2491,5469.0
3071,3271,5830.0
3073,3539,6299.0
3074,2377,5270.0
3074,2822,5792.0
3074,4046
3075,3634
3076,3119,6615.0
3077,3156,5416.0
3077,3570,5810.0
3077,2826
3078,2818,5475.0
3080,3282,5547.0
3081,3361,5896.0
3082,2484,5303.0
3083,3325,5447.0
3084,3104
3085,3002,5033.0
3086,3298,5485.0
3086,3258,6563.0
3087,3087
3088,3088,5490.0
3089,3340,5897.0
3090,3427,6212.0
3091,3092,5344.0
3092,3091
3093,3368,5480.0
3095,3231,6341.0
3097,3098,5344.0
3098,3097,5344.0
3099,3879
3100,3349,5432.0
3102,2875,5540.0
3102,3798,6301.0
3103,2801
3103,4031
3104,2818,5475.0
3104,2434,6569.0
3105,3106,5718.0
3106,3108,5718.0
3107,2826,5416.0
3108,3108,5718.0
3108,3518,5850.0
3109,2377,5332.0
3110,3318,5422.0
3110,3019,5810.0
3112,3610
3115,3740,6420.0
3117,4039
3118,3388
3119,2873,6615.0
3120,2940
3122,3104
3123,3286,5481.0
3124,3785,6311.0
3132,3077,5458.0
3133,3535,5748.0
3136,3565
3137,3366
3138,2355,6529.0
3139,2406,6545.0
3140,3002,5033.0
3141,3040,5388.0
3142,3324,5560.0
3143,2328,5872.0
3145,3038,5281.0
3148,3035,5386.0
3149,3258,5745.0
3150,3411,6152.0
3151,3232
3152,3909,6637.0
3153,2726
3154,3154
3155,3571
3156,3077,5456.0
3157,2730,5387.0
3158,3158,5333.0
3159,3689,6331.0
3160,3886
3161,3040,5525.0
3162,3044,5342.0
3164,3598
3165,3862,6385.0
3165,4084,6742.0
3166,3088,5653.0
3169,3180,6062.0
3169,3169
3170,4073
3171,3461,5687.0
3173,2484,5303.0
3173,2713,4943.0
3173,3421,5715.0
3173,2398,5648.0
3173,2328,5974.0
3173,3784,6257.0
3173,3784,6256.0
3173,4001,6631.0
3175,2572,5607.0
3176,3781
3178,3781,6386.0
3187,2698,5366.0
3187,3778,6468.0
3189,3438,6172.0
3191,3313,5589.0
3192,2919
3194,3205,5447.0
3195,2643,6459.0
3196,2694,6215.0
3198,3198,6669.0
3199,3310,6125.0
3201,3752,6499.0
3203,3249,5312.0
3204,2971,5684.0
3205,3088,5447.0
3206,2965,6552.0
3207,3494,6124.0
3208,3208
3208,3602
3213,3040,5439.0
3219,3332,5941.0
3219,2744
3220,2818,5682.0
3221,2397,5240.0
3223,3223
3225,4034,6647.0
3233,3987,6715.0
3235,3601,6178.0
3238,2328
3242,3691,6154.0
3244,2882,6692.0
3245,3518,6192.0
3247,3520
3248,3287,5852.0
3248,3786,6240.0
3249,2752
3255,2450
3255,3255,6204.0
3258,2409,5967.0
3259,2373,5324.0
3260,3260,5887.0
3260,3260,6222.0
3260,3260,6690.0
3263,2754,5807.0
3263,3628,6116.0
3263,3628,6361.0
3263,4094
3264,2494
3265,2491,6011.0
3268,3268
3270,3286,5479.0
3270,3270,6175.0
3270,3270,5906.0
3270,3270,6588.0
3270,3270,6230.0
3270,3270,5916.0
3271,3293,5831.0
3271,2940,5834.0
3271,3271
3271,4028
3272,3570
3277,3725,6256.0
3278,2818,6542.0
3278,3602
3278,3822
3278,3278,5906.0
3278,3173,6561.0
3278,2368,6548.0
3279,3035,5386.0
3280,2432,6635.0
3282,3282
3285,2737,6450.0
3287,2568,6047.0
3288,3415,5990.0
3290,3016,6112.0
3291,2822,5968.0
3292,2328,5726.0
3293,2328,5723.0
3293,3809,6280.0
3298,3298,6625.0
3298,3298
3306,3570,6576.0
3307,3570,5811.0
3307,4047
3308,3377
3314,4032,6714.0
3318,2491,5478.0
3324,3815,6262.0
3326,3518
3328,3415,6650.0
3329,3329,6056.0
3329,3329,6070.0
3329,2730,6000.0
3329,3890,6428.0
3330,3966,6641.0
3332,3809,6533.0
3333,3313,5453.0
3333,3878,6467.0
3334,3334,6569.0
3334,2451,6303.0
3336,3468,6004.0
3337,3368,5480.0
3337,3055,6626.0
3338,3338,6336.0
3338,3338
3338,2547
3340,4032,6714.0
3341,2698,5725.0
3342,2433,6083.0
3343,3518
3344,2793,5903.0
3344,2127,6531.0
3345,3555,5867.0
3345,3602,6308.0
3346,3939,6716.0
3347,3074,5461.0
3347,3074,5792.0
3348,3318,6506.0
3349,3074,6042.0
3351,3382,5724.0
3351,3395,6079.0
3352,3680
3353,3421
3354,3607,5909.0
3355,3355
3355,2822,5899.0
3355,4027
3357,3357
3359,2366
3361,3518,5850.0
3362,3602
3363,3380,5723.0
3364,3364,5706.0
3364,2752,6032.0
3365,3074,5720.0
3366,3522,6442.0
3367,3313,5831.0
3368,3381,5889.0
3368,2434,6607.0
3369,3369
3370,2127
3371,3493
3373,3998
3375,3683,6617.0
3376,3524,6209.0
3376,3524,6109.0
3376,3463,6564.0
3377,3535
3379,3379,6228.0
3379,3852,6602.0
3381,3334,6083.0
3382,3560,5828.0
3384,3384
3384,3384
3385,3618
3387,3554,5808.0
3388,3632,6133.0
3391,3391
3392,3392
3394,3647
3395,2568,6039.0
3395,3802,6403.0
3396,3718,6180.0
3407,3407,6374.0
3409,3587
3412,3581,6684.0
3413,3258
3414,3270,5479.0
3415,3415
3415,2565,6370.0
3415,2484,6369.0
3417,3785,6346.0
3420,2826,6192.0
3421,2328,5767.0
3421,2554,5675.0
3421,4087
3428,3856,6617.0
3430,3786,6521.0
3431,3431,6508.0
3438,2822,6348.0
3439,4038
3448,2568,5790.0
3448,2568,5789.0
3451,3712
3453,3507,6421.0
3454,3591,6260.0
3456,3651,6055.0
3456,2787,6418.0
3458,3458
3461,3464,5613.0
3462,3703
3463,3692,6057.0
3463,3324,6123.0
3464,3692,6059.0
3464,3573,6392.0
3465,3704,6066.0
3465,3977
3469,3800
3476,3721
3479,3074
3480,3700
3481,3776
3483,3523
3484,3786
3485,3485
3485,3785,6282.0
3487,3755
3489,3233,5271.0
3490,2433,5848.0
3493,3493,6473.0
3494,3207,6281.0
3496,3238,5546.0
3497,2328,5726.0
3502,3514,6256.0
3509,3424
3510,3603
3512,3691,6073.0
3514,3173,6351.0
3516,2328,5842.0
3516,4079
3517,3919
3520,3562,6180.0
3520,4083
3521,3247,6595.0
3523,3988
3524,3821,6357.0
3524,3779,6715.0
3525,3812,6313.0
3526,3526
3534,3756,6510.0
3535,3535
3537,3628
3537,3338,6357.0
3542,3245
3543,3543
3553,3553,6458.0
3553,3976
3554,3053,6373.0
3557,3557,6678.0
3557,4076
3559,4057
3561,3561
3562,3778,6191.0
3564,3159,6650.0
3566,3566,6705.0
3566,3785
3569,4038
3571,3796,6633.0
3572,4097
3573,3788,6197.0
3573,3977,6571.0
3577,3864
3581,4049,6684.0
3582,3713,6171.0
3583,4066
3584,3584
3586,3586
3589,3589,6287.0
3589,3589
3589,4017
3590,3675
3591,3825
3596,3835
3598,3862
3599,3622,6280.0
3602,3602,6371.0
3605,3854
3606,4023
3607,3270,5918.0
3608,3941
3609,3609
3610,3610,5907.0
3610,3610,5907.0
3611,3592
3612,3785
3613,3683,6319.0
3615,2484,6243.0
3615,2368
3617,2882,6323.0
3618,3595
3619,2753
3623,3294,6591.0
3628,3263,6489.0
3630,3270,6268.0
3632,3786,6214.0
3634,3886
3643,3787
3648,3886,6375.0
3655,3294
3658,2590,6300.0
3660,3722
3662,3862
3663,3663,6292.0
3663,3663,6649.0
3663,3663,6649.0
3664,3664,6641.0
3667,2753,6588.0
3669,3920,6713.0
3671,3671
3675,3675,6663.0
3675,3977,6663.0
3679,3854
3682,4022,6604.0
3682,3384,6708.0
3683,3856,6617.0
3684,3684
3685,3989
3687,3675,6022.0
3688,3782
3689,3862,6554.0
3690,3899,6520.0
3692,3815,6393.0
3693,4098
3696,3055,6626.0
3698,3663,6523.0
3699,3699
3700,3779
3701,3582,5841.0
3703,3703
3703,3868
3704,3827,6679.0
3708,4076
3709,3977,6571.0
3710,3730,6198.0
3711,4058
3712,3169,6419.0
3713,3977,6662.0
3716,3570
3718,3718
3718,3718,6518.0
3718,2712,6749.0
3719,4096
3730,3730,6262.0
3730,3977,6571.0
3731,3573,6026.0
3738,3307,5997.0
3739,3739
3741,3854,6362.0
3742,3794,6425.0
3754,3785
3757,3772,6580.0
3760,4097
3762,3710,6072.0
3763,3782,6247.0
3768,3173,6562.0
3770,3770
3772,3883,6392.0
3772,3797,6262.0
3774,3977
3781,4112
3785,2368,6509.0
3786,3347,6599.0
3793,3357
3794,4118
3795,3795
3798,4037,6613.0
3803,3803
3803,3803
3803,3803,6621.0
3808,4029
3809,4021
3810,3810,6543.0
3815,3904,6525.0
3816,3816
3819,3991,6713.0
3827,3959,6746.0
3839,3219,6540.0
3840,3840
3842,3589,6582.0
3844,3663,6234.0
3844,3663,6523.0
3846,4019
3847,4019,6708.0
3848,4037,6613.0
3850,4014,6632.0
3853,4046
3860,3860
3874,4014
3877,3173,6562.0
3878,2368,6588.0
3879,3818,6543.0
3880,3986,6653.0
3881,4060
3882,3882
3891,3997,6659.0
3894,3827,6331.0
3896,3465,6525.0
3903,4067
3908,3897
3909,2584,6423.0
3912,3979,6574.0
3913,4114
3914,3977
3915,3915
3916,3169
3920,3991
3922,3463,6525.0
3930,4004,6596.0
3933,3933
3946,4019,6725.0
3947,4092
3948,2882,6323.0
3953,3465,6426.0
3958,3789,6392.0
3959,3788,6525.0
3963,3979,6637.0
3979,3979
3995,3995
4001,3173,6631.0
4023,3110
4024,4035
4063,3463
4072,4066
4113,4112
4115,4084
4122,2576
